date,majority_sentiment,average_sentiment
2019-02-26,0,0.8242666721343994
2019-02-27,2,0.8820533752441406
2019-02-28,2,0.9476797580718994
2019-03-01,1,0.9725885987281799
2019-03-04,2,0.9365792870521545
2019-03-05,1,0.9303371906280518
2019-03-06,2,0.7823618650436401
2019-03-07,0,0.8440748953819275
2019-03-08,0,0.8103344440460205
2019-03-09,0,0.8830162882804871
2019-03-12,2,0.7456238567829132
2019-03-13,2,0.8920347094535828
2019-03-14,2,0.7444545115743365
2019-03-15,0,0.9039268891016642
2019-03-18,2,0.9354069828987122
2019-03-20,2,0.7744921147823334
2019-03-21,2,0.7863898641533322
2019-03-22,1,0.969592273235321
2019-03-25,1,0.9703398942947388
2019-03-26,2,0.787778377532959
2019-03-27,0,0.9190108776092529
2019-03-28,2,0.8499564064873589
2019-03-29,2,0.945551872253418
2019-04-01,2,0.8807103633880615
2019-04-02,2,0.9501689076423645
2019-04-03,1,0.9662073254585266
2019-04-04,2,0.8582100187029157
2019-04-05,0,0.8698302805423737
2019-04-08,2,0.5755703449249268
2019-04-09,1,0.941443920135498
2019-04-10,1,0.8728289206822714
2019-04-11,2,0.6959926187992096
2019-04-12,2,0.941327691078186
2019-04-15,2,0.8855915069580078
2019-04-16,1,0.97358238697052
2019-04-17,2,0.9323402345180511
2019-04-18,1,0.8359338939189911
2019-04-23,2,0.7096986472606659
2019-04-24,2,0.9406370520591736
2019-04-25,2,0.9430167078971863
2019-04-26,1,0.7997276484966278
2019-04-29,2,0.9477291107177734
2019-04-30,2,0.7675803502400717
2019-05-02,0,0.7841328219933943
2019-05-03,1,0.9704956412315369
2019-05-06,2,0.7120897173881531
2019-05-07,0,0.8113996505737304
2019-05-08,0,0.9305697679519653
2019-05-09,2,0.7522105984389782
2019-05-10,1,0.9256097972393036
2019-05-13,2,0.8419872522354126
2019-05-15,2,0.9544611275196075
2019-05-16,2,0.7917294104894003
2019-05-17,0,0.8691412806510925
2019-05-19,0,0.9049625396728516
2019-05-20,1,0.9644874930381775
2019-05-21,1,0.9647951126098633
2019-05-22,2,0.9494367837905884
2019-05-23,2,0.7975662112236023
2019-05-24,0,0.5134866833686829
2019-05-27,0,0.846532940864563
2019-05-28,2,0.9244002401828766
2019-05-29,0,0.8984393775463104
2019-05-30,0,0.7854221525945162
2019-05-31,1,0.5934290289878845
2019-06-03,1,0.9644396305084229
2019-06-04,1,0.9645418524742126
2019-06-05,0,0.9190034717321396
2019-06-06,0,0.7612365354662356
2019-06-10,2,0.7121587097644806
2019-06-11,0,0.7489961300577436
2019-06-12,1,0.9636828899383545
2019-06-13,2,0.7837085073644464
2019-06-14,2,0.797120213508606
2019-06-15,0,0.6422786712646484
2019-06-17,2,0.9047492444515228
2019-06-18,2,0.9498072266578674
2019-06-19,0,0.5015601366758347
2019-06-20,0,0.6012225151062012
2019-06-21,2,0.8872011303901672
2019-06-24,0,0.8077198266983032
2019-06-25,0,0.8222526411215464
2019-06-26,1,0.9544564485549927
2019-06-27,2,0.8057634631792704
2019-06-28,0,0.8013652563095093
2019-07-02,1,0.6304200291633606
2019-07-03,1,0.9639483094215393
2019-07-04,2,0.8307221929232279
2019-07-05,1,0.8956336975097656
2019-07-08,0,0.894296258687973
2019-07-09,0,0.8331339094373915
2019-07-10,0,0.7767496109008789
2019-07-11,2,0.7555360992749532
2019-07-12,2,0.7406063079833984
2019-07-15,0,0.8642686456441879
2019-07-16,2,0.8269033091408866
2019-07-17,2,0.8063593506813049
2019-07-18,2,0.7555031842655606
2019-07-19,0,0.6338390707969666
2019-07-23,2,0.9176856875419617
2019-07-24,0,0.9258827169736227
2019-07-25,0,0.7870618844032288
2019-07-26,2,0.819850355386734
2019-07-29,2,0.8323568105697632
2019-07-31,0,0.9082604050636292
2019-08-01,0,0.7699556105277118
2019-08-02,1,0.9734163284301758
2019-08-05,1,0.9623463749885559
2019-08-06,2,0.9500501155853271
2019-08-07,0,0.8822126150131225
2019-08-08,2,0.7746281504631043
2019-08-09,2,0.9282195568084717
2019-08-11,2,0.7921456694602966
2019-08-12,2,0.9447179436683655
2019-08-13,2,0.8913763165473938
2019-08-14,1,0.9698433876037598
2019-08-15,0,0.7379365563392639
2019-08-16,2,0.9444177150726318
2019-08-19,2,0.944100558757782
2019-08-20,2,0.9441267848014832
2019-08-21,0,0.8335056219782148
2019-08-22,2,0.7635177930196126
2019-08-23,1,0.9602688550949097
2019-08-26,2,0.8972374200820923
2019-08-27,0,0.8036407430966696
2019-08-28,1,0.8278195559978485
2019-08-29,0,0.7674027442932129
2019-08-30,2,0.9349042773246765
2019-09-02,0,0.6372735500335693
2019-09-03,2,0.820191890001297
2019-09-04,0,0.7702167332172394
2019-09-05,2,0.9441187977790833
2019-09-06,2,0.9338255524635315
2019-09-08,2,0.8698776960372925
2019-09-09,2,0.9388000965118408
2019-09-11,2,0.939957320690155
2019-09-12,0,0.7146653797891405
2019-09-13,0,0.6778616458177567
2019-09-15,1,0.6368283033370972
2019-09-16,1,0.8845463395118713
2019-09-17,2,0.731066624323527
2019-09-18,1,0.5655211210250854
2019-09-19,0,0.8195047657936811
2019-09-20,1,0.7793556253115336
2019-09-23,1,0.8794706463813782
2019-09-24,0,0.6851540605227152
2019-09-25,2,0.8675962686538696
2019-09-26,2,0.8305325720991407
2019-09-27,0,0.9429706732432047
2019-09-30,2,0.8368930816650391
2019-10-01,2,0.7198186616102854
2019-10-02,1,0.9670366644859314
2019-10-03,1,0.8719597458839417
2019-10-04,2,0.8205956866343816
2019-10-07,0,0.8249260783195496
2019-10-09,0,0.9503450989723206
2019-10-10,0,0.7439384648674413
2019-10-11,0,0.6707682609558105
2019-10-14,2,0.9442960619926453
2019-10-15,0,0.730116093158722
2019-10-16,0,0.7727964520454407
2019-10-17,0,0.7767039080460866
2019-10-18,2,0.9417250752449036
2019-10-22,2,0.8008548021316528
2019-10-23,2,0.9349054098129272
2019-10-24,0,0.7837307309282238
2019-10-25,0,0.8473821580410004
2019-10-30,0,0.7192850038409233
2019-10-31,0,0.7817422267463472
2019-11-04,2,0.9322064220905304
2019-11-05,2,0.9189256727695465
2019-11-06,2,0.9487534165382385
2019-11-07,0,0.8693698644638062
2019-11-08,2,0.7909052908420563
2019-11-11,2,0.7493281364440918
2019-11-12,0,0.817305306593577
2019-11-13,2,0.8701355655988058
2019-11-15,2,0.7940701792637507
2019-11-18,2,0.9240817427635193
2019-11-19,0,0.8405591448148092
2019-11-20,2,0.8483650088310242
2019-11-21,2,0.8403263886769613
2019-11-22,2,0.792796718446832
2019-11-25,1,0.9347437620162964
2019-11-26,1,0.8534701764583588
2019-11-28,0,0.8317905478179455
2019-12-03,2,0.7316449880599976
2019-12-05,2,0.7378722152539662
2019-12-06,1,0.9717254042625427
2019-12-09,2,0.6291455030441284
2019-12-10,2,0.7476452887058258
2019-12-11,2,0.9368689060211182
2019-12-12,2,0.9491347670555115
2019-12-16,2,0.6653963327407837
2019-12-17,0,0.8140820860862732
2019-12-18,2,0.8602529317140579
2019-12-19,2,0.7489522475945322
2019-12-24,1,0.9746125340461731
2019-12-27,2,0.9463884234428406
2019-12-30,2,0.9451999664306641
2020-01-03,2,0.909920871257782
2020-01-05,2,0.9150304198265076
2020-01-06,0,0.9115538895130157
2020-01-07,0,0.7196047455072403
2020-01-08,2,0.7920774102210999
2020-01-09,2,0.7359211146831512
2020-01-10,2,0.7413710877299309
2020-01-13,2,0.8667715191841125
2020-01-14,0,0.6284028068184853
2020-01-15,2,0.7576640725135804
2020-01-16,2,0.8501670211553574
2020-01-17,0,0.7613963782787323
2020-01-18,2,0.8754205703735352
2020-01-21,2,0.917337437470754
2020-01-22,0,0.6145370453596115
2020-01-23,0,0.7335011959075928
2020-01-24,2,0.8014796376228333
2020-01-26,2,0.6507801413536072
2020-01-27,0,0.7940511107444763
2020-01-28,1,0.7818410620093346
2020-01-29,2,0.8709137290716171
2020-01-30,2,0.8859781523545583
2020-01-31,2,0.8153378665447235
2020-02-03,2,0.8561193645000458
2020-02-04,2,0.8196240901947022
2020-02-05,0,0.7930645108222961
2020-02-06,2,0.7754620015621185
2020-02-07,1,0.766309118270874
2020-02-09,0,0.6973245243231455
2020-02-11,2,0.7305803894996643
2020-02-12,1,0.967111349105835
2020-02-13,0,0.7997383574644724
2020-02-14,0,0.7939200401306152
2020-02-16,2,0.8563836216926575
2020-02-18,0,0.9135361909866333
2020-02-19,2,0.8417719751596451
2020-02-20,0,0.8859370946884155
2020-02-21,0,0.8120656371116638
2020-02-24,2,0.9020404070615768
2020-02-25,1,0.9279957016309103
2020-02-26,0,0.7956772843996683
2020-02-27,2,0.7765866788950834
2020-02-28,2,0.6652644872665405
2020-02-29,0,0.7402165532112122
2020-03-01,0,0.9411404728889465
2020-03-02,0,0.7304225564002991
2020-03-03,2,0.9151433308919271
2020-03-04,2,0.9400759339332581
2020-03-05,2,0.8409944176673889
2020-03-06,2,0.7800688573292324
2020-03-08,2,0.7947248816490173
2020-03-09,0,0.47025951743125916
2020-03-10,2,0.8966560065746307
2020-03-11,2,0.7305350502332052
2020-03-12,0,0.8338274459044138
2020-03-13,2,0.6759564876556396
2020-03-15,0,0.6084452867507935
2020-03-16,2,0.8997329473495483
2020-03-17,1,0.9693184494972229
2020-03-18,1,0.7785402983427048
2020-03-19,1,0.8070658206939697
2020-03-22,2,0.7743295828501383
2020-03-23,1,0.7747838695844015
2020-03-24,2,0.7039974927902222
2020-03-25,2,0.8614818453788757
2020-03-26,2,0.8063545823097229
2020-03-27,2,0.8725889325141907
2020-03-28,2,0.8988937735557556
2020-03-29,1,0.9562987685203552
2020-03-30,0,0.8590947985649109
2020-03-31,2,0.6439759135246277
2020-04-01,2,0.8086638569831848
2020-04-02,2,0.8324951767921448
2020-04-03,2,0.8217223584651947
2020-04-04,0,0.7723621129989624
2020-04-06,1,0.8499460071325302
2020-04-07,1,0.8746289610862732
2020-04-08,1,0.8644942343235016
2020-04-09,2,0.832649752497673
2020-04-10,2,0.7421381175518036
2020-04-11,2,0.7971397340297699
2020-04-12,0,0.8088395595550537
2020-04-13,2,0.6430759429931641
2020-04-14,0,0.6730124950408936
2020-04-15,0,0.6039913445711136
2020-04-16,0,0.8323727051417033
2020-04-17,2,0.8171126246452332
2020-04-18,0,0.848166286945343
2020-04-19,1,0.9580576419830322
2020-04-20,0,0.6912055909633636
2020-04-21,2,0.927638053894043
2020-04-22,0,0.8456124663352966
2020-04-23,2,0.9242656230926514
2020-04-24,0,0.872011236846447
2020-04-28,0,0.7411449909210205
2020-04-29,2,0.8758220314979553
2020-04-30,0,0.9308813214302063
2020-05-04,1,0.8972665667533875
2020-05-05,1,0.9628670811653137
2020-05-06,2,0.7662558257579803
2020-05-07,1,0.9665819406509399
2020-05-11,0,0.9431118369102478
2020-05-12,1,0.7694393172860146
2020-05-13,2,0.9581736326217651
2020-05-14,1,0.9681653082370758
2020-05-15,1,0.8306311766306559
2020-05-18,2,0.6854701638221741
2020-05-19,2,0.7757012248039246
2020-05-20,2,0.9321742653846741
2020-05-21,1,0.9696650505065918
2020-05-22,2,0.7628476222356161
2020-05-23,2,0.9041255712509155
2020-05-25,1,0.9739998579025269
2020-05-26,2,0.921267181634903
2020-05-27,2,0.7106806039810181
2020-05-28,2,0.9385953545570374
2020-05-29,0,0.8704564571380615
2020-06-01,0,0.9088837305704752
2020-06-02,2,0.7925290067990621
2020-06-03,2,0.9194095432758331
2020-06-04,0,0.8156544208526612
2020-06-05,1,0.966562032699585
2020-06-07,0,0.9148778319358826
2020-06-08,2,0.9260385036468506
2020-06-09,2,0.695045992732048
2020-06-10,1,0.9039745728174845
2020-06-15,1,0.8528394103050232
2020-06-16,1,0.8002573251724243
2020-06-19,1,0.9662209153175354
2020-06-23,0,0.6224759817123413
2020-06-24,2,0.9374641180038452
2020-06-25,1,0.7067697644233704
2020-06-26,2,0.9425380229949951
2020-06-30,2,0.8637445867061615
2020-07-01,2,0.7853272259235382
2020-07-02,2,0.8579333424568176
2020-07-03,1,0.9668229222297668
2020-07-07,0,0.8917509317398071
2020-07-12,2,0.6466733813285828
2020-07-13,0,0.5372692346572876
2020-07-14,1,0.9670226573944092
2020-07-15,1,0.9505842725435892
2020-07-16,0,0.8874218761920929
2020-07-17,2,0.9522677958011627
2020-07-19,1,0.5998942852020264
2020-07-20,1,0.5998942852020264
2020-07-23,2,0.8938490450382233
2020-07-24,0,0.84647536277771
2020-07-27,1,0.9225956797599792
2020-07-28,1,0.8576812744140625
2020-07-29,2,0.9268249273300171
2020-07-30,2,0.5367308259010315
2020-07-31,1,0.8272126515706381
2020-08-03,2,0.9544951617717743
2020-08-04,0,0.7118222713470459
2020-08-05,1,0.9257407486438751
2020-08-10,1,0.9322898983955383
2020-08-11,2,0.714347759882609
2020-08-12,2,0.805121898651123
2020-08-17,0,0.9478765726089478
2020-08-19,0,0.9290169179439545
2020-08-21,0,0.845395028591156
2020-08-24,0,0.6766213178634644
2020-08-25,0,0.9131059348583221
2020-08-26,0,0.6150508522987366
2020-08-27,2,0.8285742600758871
2020-08-28,1,0.6812000274658203
2020-08-31,2,0.5406842231750488
2020-09-02,2,0.8088834285736084
2020-09-03,0,0.7972317337989807
2020-09-08,0,0.8872106075286865
2020-09-09,0,0.6892135228429522
2020-09-10,0,0.9143095016479492
2020-09-14,2,0.6024792393048605
2020-09-15,0,0.7480069398880005
2020-09-17,0,0.7803425590197245
2020-09-23,1,0.9353225827217102
2020-09-29,2,0.5298599600791931
2020-09-30,2,0.5522785186767578
2020-10-01,1,0.9629224538803101
2020-10-02,0,0.8401172086596489
2020-10-05,1,0.9675160646438599
2020-10-06,0,0.8058263063430786
2020-10-07,1,0.95525062084198
2020-10-08,2,0.8482860028743744
2020-10-09,2,0.7717981139818827
2020-10-10,2,0.7972201108932495
2020-10-12,2,0.8327986598014832
2020-10-13,2,0.767076293627421
2020-10-14,2,0.8095210790634155
2020-10-15,2,0.818293035030365
2020-10-16,0,0.5856785774230957
2020-10-17,2,0.8152616620063782
2020-10-19,2,0.9487172365188599
2020-10-20,1,0.9641932845115662
2020-10-21,2,0.9228660464286804
2020-10-22,1,0.9711624383926392
2020-10-23,2,0.7580990195274353
2020-10-26,2,0.878677487373352
2020-10-28,0,0.8275942802429199
2020-10-29,2,0.7647965550422668
2020-10-30,1,0.8180046081542969
2020-11-02,0,0.828699141740799
2020-11-03,2,0.74415522813797
2020-11-04,2,0.7342188656330109
2020-11-05,2,0.7620961666107178
2020-11-06,2,0.9101558327674866
2020-11-09,2,0.8400751650333405
2020-11-10,0,0.9458160400390625
2020-11-11,2,0.7405267655849457
2020-11-12,2,0.7085518836975098
2020-11-13,2,0.812529194355011
2020-11-16,2,0.9183588027954102
2020-11-17,0,0.9035423398017883
2020-11-20,0,0.8137590885162354
2020-11-23,0,0.8864664832750956
2020-11-25,0,0.6628370881080627
2020-11-26,0,0.9157596230506897
2020-12-01,0,0.7798421382904053
2020-12-03,0,0.8228396028280258
2020-12-04,0,0.8189659913380941
2020-12-07,2,0.8518718481063843
2020-12-09,0,0.823769768079122
2020-12-10,0,0.8410765926043192
2020-12-15,1,0.8697776794433594
2020-12-16,2,0.8604732155799866
2020-12-30,0,0.8077980279922485
2021-01-06,0,0.9320557713508606
2021-01-07,0,0.8198657184839249
2021-01-10,0,0.9262030720710754
2021-01-11,1,0.9505826830863953
2021-01-13,2,0.7552023231983185
2021-01-14,0,0.8752161065737406
2021-01-16,1,0.9492654800415039
2021-01-19,0,0.8266658782958984
2021-01-20,2,0.7668983340263367
2021-01-21,2,0.5266534686088562
2021-01-22,1,0.9604519804318746
2021-01-26,2,0.82459756731987
2021-01-28,2,0.7657703757286072
2021-02-02,0,0.6973561346530914
2021-02-03,2,0.6498344639937083
2021-02-04,0,0.8384614884853363
2021-02-06,2,0.5613449811935425
2021-02-07,2,0.9175649285316467
2021-02-09,2,0.9414569139480591
2021-02-11,1,0.9410839676856995
2021-02-15,2,0.5919326841831207
2021-02-16,0,0.7562080264091492
2021-02-17,1,0.7323573231697083
2021-02-18,2,0.6868270635604858
2021-02-19,2,0.5150135159492493
2021-02-22,0,0.7004671692848206
2021-02-23,1,0.9358319044113159
2021-02-24,0,0.9014615416526794
2021-02-25,2,0.8331119418144226
2021-02-26,1,0.6942612677812576
2021-03-02,2,0.9316856563091278
2021-03-03,2,0.7543219923973083
2021-03-04,2,0.7336067259311676
2021-03-05,2,0.776263028383255
2021-03-08,2,0.6789514124393463
2021-03-09,2,0.6963362097740173
2021-03-10,2,0.5447796583175659
2021-03-11,2,0.9497711658477783
2021-03-12,1,0.9638795256614685
2021-03-16,0,0.8539861738681793
2021-03-17,2,0.7813601791858673
2021-03-18,0,0.8858096599578857
2021-03-22,1,0.9304567575454712
2021-03-24,2,0.7905727326869965
2021-03-25,2,0.890398383140564
2021-03-26,0,0.8212576508522034
2021-03-30,1,0.79130719602108
2021-04-01,2,0.8229402601718903
2021-04-06,2,0.8068893551826477
2021-04-07,0,0.7674702405929565
2021-04-08,1,0.9056064784526825
2021-04-09,0,0.9194229543209076
2021-04-12,0,0.6805618107318878
2021-04-13,2,0.8540456096331278
2021-04-14,0,0.7075405716896057
2021-04-15,0,0.7961532771587372
2021-04-16,2,0.8238677978515625
2021-04-19,0,0.9101039171218872
2021-04-20,2,0.8060817122459412
2021-04-21,2,0.7276387214660645
2021-04-27,2,0.7506081461906433
2021-04-30,0,0.9257304072380066
2021-05-01,2,0.9426161646842957
2021-05-04,0,0.49983423948287964
2021-05-05,0,0.7624858021736145
2021-05-06,2,0.7516986131668091
2021-05-07,2,0.8332644402980804
2021-05-10,0,0.9254737496376038
2021-05-11,0,0.7847784161567688
2021-05-18,0,0.8227528929710388
2021-05-20,2,0.7945249676704407
2021-05-27,0,0.8922154903411865
2021-05-28,0,0.8971311450004578
2021-05-30,2,0.75379478931427
2021-06-01,0,0.7869784832000732
2021-06-02,0,0.6255819201469421
2021-06-08,2,0.5444895029067993
2021-06-09,2,0.9048514366149902
2021-06-10,2,0.7823073267936707
2021-06-15,2,0.8175791203975677
2021-06-18,0,0.6008951812982559
2021-06-21,0,0.8745070099830627
2021-06-22,2,0.6266818046569824
2021-06-24,0,0.7722235918045044
2021-07-01,0,0.8769074976444244
2021-07-06,0,0.7224390506744385
2021-07-07,0,0.7684796452522278
2021-07-08,2,0.8051047921180725
2021-07-13,0,0.8238188028335571
2021-07-15,2,0.8876762390136719
2021-07-20,0,0.541764423251152
2021-07-21,0,0.49568963050842285
2021-07-22,0,0.8913034945726395
2021-07-27,2,0.9104083180427551
2021-07-28,0,0.8381977081298828
2021-07-29,2,0.8592639267444611
2021-07-30,0,0.8779670596122742
2021-08-03,0,0.5888972282409668
2021-08-05,0,0.8227353394031525
2021-08-07,2,0.9459081888198853
2021-08-10,1,0.9389919638633728
2021-08-12,1,0.4159785211086273
2021-08-17,2,0.9351902604103088
2021-08-19,0,0.9077614545822144
2021-08-20,2,0.7834298014640808
2021-08-22,2,0.5690692067146301
2021-08-27,2,0.7522651553153992
2021-08-31,0,0.754397451877594
2021-09-09,0,0.9003978371620178
2021-09-10,2,0.6455331444740295
2021-09-14,2,0.9343478232622147
2021-09-15,0,0.6426152388254801
2021-09-16,0,0.7444731593132019
2021-09-17,2,0.9329050183296204
2021-09-20,2,0.6730982661247253
2021-10-03,0,0.8349307179450989
2021-10-06,2,0.7999047875404358
2021-10-08,2,0.9586110711097717
2021-10-13,0,0.9407038688659668
2021-10-15,0,0.8779337406158447
2021-10-17,2,0.550351083278656
2021-10-20,0,0.7960132956504822
2021-10-21,0,0.8698263764381409
2021-10-24,1,0.813963770866394
2021-10-27,2,0.9118373394012451
2021-10-28,0,0.7923739552497864
2021-11-02,0,0.8297980825106303
2021-11-03,0,0.8943220973014832
2021-11-04,0,0.9077033996582031
2021-11-09,2,0.8307403922080994
2021-11-10,2,0.9411680698394775
2021-11-11,2,0.7348738610744476
2021-11-12,1,0.7156578004360199
2021-11-17,2,0.9055970311164856
2021-11-18,2,0.8898568749427795
2021-11-25,0,0.8561424016952515
2021-11-26,2,0.8941088318824768
2021-11-29,0,0.9305272102355957
2021-11-30,0,0.93983393907547
2021-12-01,0,0.8045264681180319
2021-12-02,1,0.876939982175827
2021-12-04,2,0.8969321250915527
2021-12-06,2,0.7679421305656433
2021-12-07,2,0.8594290018081665
2021-12-15,2,0.71383136510849
2021-12-16,2,0.9167889952659607
2021-12-17,0,0.7145270109176636
2021-12-21,2,0.9162874817848206
2021-12-27,1,0.966108500957489
2021-12-28,1,0.8343060612678528
2021-12-29,1,0.8490189909934998
2022-01-06,2,0.8001417592167854
2022-01-07,0,0.9335225224494934
2022-01-11,2,0.8496099710464478
2022-01-17,2,0.5364792943000793
2022-01-18,2,0.7865060716867447
2022-01-19,2,0.6877998262643814
2022-01-21,2,0.8325471878051758
2022-01-24,2,0.6500930190086365
2022-01-25,2,0.7477564066648483
2022-01-26,0,0.6978209242224693
2022-01-27,0,0.6707146644592286
2022-01-28,2,0.9171946048736572
2022-02-01,2,0.7854515194892884
2022-02-04,0,0.8423261046409607
2022-02-08,0,0.8183636963367462
2022-02-09,2,0.8041216731071472
2022-02-11,2,0.8822918385267258
2022-02-15,2,0.6399749517440796
2022-02-17,0,0.6732251842816671
2022-02-21,0,0.8641244173049927
2022-02-22,2,0.8475866317749023
2022-02-23,2,0.8518098394076029
2022-02-24,2,0.8776938319206238
2022-02-25,0,0.8860380053520203
2022-02-27,0,0.6681161522865295
2022-03-01,0,0.7565280348062515
2022-03-02,0,0.7307124137878418
2022-03-04,2,0.7398617267608643
2022-03-08,0,0.738551507393519
2022-03-10,0,0.7863741252157423
2022-03-11,2,0.4980562627315521
2022-03-13,0,0.8604071140289307
2022-03-14,2,0.6689974466959635
2022-03-15,2,0.5594139695167542
2022-03-16,0,0.8338823318481445
2022-03-17,0,0.9364426136016846
2022-03-18,0,0.8089112341403961
2022-03-19,0,0.6004985570907593
2022-03-20,2,0.9109564423561096
2022-03-21,0,0.7560326457023621
2022-03-22,2,0.825543829372951
2022-03-23,2,0.8252909183502197
2022-03-25,0,0.880888819694519
2022-03-30,2,0.5018439888954163
2022-03-31,2,0.9523597955703735
2022-04-01,0,0.8526301980018616
2022-04-04,0,0.8300863623619079
2022-04-06,0,0.8631625771522522
2022-04-08,2,0.9480977654457092
2022-04-11,1,0.8457430601119995
2022-04-12,2,0.8527321815490723
2022-04-13,2,0.8668267130851746
2022-04-14,2,0.8757197558879852
2022-04-20,2,0.8899745345115662
2022-04-21,0,0.9159386157989502
2022-04-26,2,0.5521496534347534
2022-04-27,2,0.8246726393699646
2022-04-29,0,0.7289235219359398
2022-05-05,0,0.925632655620575
2022-05-10,0,0.8474584221839905
2022-05-11,0,0.9335225224494934
2022-05-12,0,0.8352573037147522
2022-05-13,2,0.9131803512573242
2022-05-15,0,0.9032957553863525
2022-05-16,0,0.847071905930837
2022-05-17,2,0.8045702576637268
2022-05-18,0,0.7312154650688172
2022-05-19,2,0.5996050238609314
2022-05-24,2,0.807673990726471
2022-05-25,2,0.9505027532577515
2022-05-26,0,0.6994861960411072
2022-05-27,2,0.8490762114524841
2022-05-29,1,0.5302931666374207
2022-05-30,2,0.8632093667984009
2022-06-01,2,0.8172175526618958
2022-06-02,0,0.7176830619573593
2022-06-03,1,0.7157615423202515
2022-06-09,0,0.7664673158100673
2022-06-12,0,0.6145725250244141
2022-06-13,0,0.6680935919284821
2022-06-14,2,0.7673500329256058
2022-06-15,2,0.7407180368900299
2022-06-16,0,0.8173168301582336
2022-06-19,2,0.8571978807449341
2022-06-20,0,0.8865180909633636
2022-06-21,0,0.8684927821159363
2022-06-22,0,0.6868570148944855
2022-06-23,0,0.5280927419662476
2022-06-24,2,0.7314651310443878
2022-06-27,2,0.6566581130027771
2022-06-28,0,0.7280459403991699
2022-07-01,2,0.7384567260742188
2022-07-05,0,0.8515486121177673
2022-07-07,0,0.7622922956943512
2022-07-10,0,0.6862598061561584
2022-07-13,2,0.9537705779075623
2022-07-18,2,0.6843354105949402
2022-07-19,2,0.8015678226947784
2022-07-20,2,0.7853285789489746
2022-07-21,2,0.7616940140724182
2022-07-22,2,0.8770085771878561
2022-07-24,2,0.8966352343559265
2022-07-26,2,0.8680025935173035
2022-07-27,0,0.8702268004417419
2022-08-01,0,0.7990537285804749
2022-08-02,0,0.5938030481338501
2022-08-09,0,0.7371053695678711
2022-08-10,2,0.7409228980541229
2022-08-17,0,0.7731977999210358
2022-08-18,2,0.954468846321106
2022-08-19,0,0.7858532667160034
2022-08-20,0,0.8626074194908142
2022-08-21,1,0.9302928447723389
2022-08-25,0,0.8230033755302429
2022-08-26,2,0.9327596426010132
2022-08-28,0,0.7410792708396912
2022-08-30,2,0.8426581621170044
2022-09-01,0,0.9346133470535278
2022-09-04,0,0.6801893711090088
2022-09-06,2,0.887830893198649
2022-09-13,0,0.8866748213768005
2022-09-14,0,0.85244020819664
2022-09-15,0,0.8715867698192596
2022-09-16,2,0.9364204406738281
2022-09-19,2,0.7338961362838745
2022-09-20,1,0.7132446765899658
2022-09-21,0,0.9038097262382507
2022-09-22,2,0.8927631974220276
2022-09-23,0,0.541291356086731
2022-09-24,1,0.6644276827573776
2022-09-25,1,0.8924062252044678
2022-09-26,0,0.8741156458854675
2022-09-27,2,0.7701175212860107
2022-09-28,1,0.5516347289085388
2022-09-30,0,0.8127897381782532
2022-10-03,2,0.7890376448631287
2022-10-04,2,0.885757178068161
2022-10-06,0,0.8027793765068054
2022-10-07,2,0.7912501096725464
2022-10-11,2,0.7250529527664185
2022-10-12,0,0.9234434366226196
2022-10-13,2,0.6938030322392782
2022-10-14,0,0.9178978800773621
2022-10-16,2,0.900428980588913
2022-10-18,0,0.8051355481147766
2022-10-19,2,0.8906381726264954
2022-10-23,2,0.7408161759376526
2022-10-27,0,0.8113958835601807
2022-10-28,0,0.8124444842338562
2022-11-02,0,0.802423506975174
2022-11-03,2,0.7348079681396484
2022-11-05,2,0.7364593744277954
2022-11-07,0,0.5642666220664978
2022-11-08,0,0.875993549823761
2022-11-09,0,0.7606264650821686
2022-11-13,0,0.7907902598381042
2022-11-22,0,0.5285205245018005
2022-11-25,2,0.8124447464942932
2022-11-28,0,0.8539614081382751
2022-11-29,0,0.7553708155949911
2022-11-30,2,0.79611736536026
2022-12-04,2,0.876579225063324
2022-12-05,0,0.69921875
2022-12-06,0,0.7127116024494171
2022-12-07,2,0.8429646094640096
2022-12-10,2,0.738938182592392
2022-12-11,0,0.925956130027771
2022-12-14,2,0.8232375979423523
2022-12-15,0,0.5270685702562332
2022-12-17,2,0.5815660059452057
2022-12-18,0,0.9211392402648926
2022-12-30,1,0.9450388550758362
2023-01-03,1,0.9085860848426819
2023-01-10,2,0.9235717356204987
2023-01-11,0,0.764462431271871
2023-01-13,2,0.8171690702438354
2023-01-18,2,0.8278938631216685
2023-01-20,0,0.6608448624610901
2023-01-24,0,0.7084538141886393
2023-01-25,2,0.9094374179840088
2023-01-26,0,0.7801563739776611
2023-01-29,1,0.9222267270088196
2023-01-31,2,0.9265578389167786
2023-02-01,2,0.7557517886161804
2023-02-02,2,0.8896854917208353
2023-02-03,2,0.543989896774292
2023-02-07,2,0.6559304594993591
2023-02-09,1,0.9576817154884338
2023-02-13,0,0.7473600308100382
2023-02-14,0,0.8094171285629272
2023-02-15,0,0.7768356800079346
2023-02-17,0,0.7705035209655762
2023-02-18,0,0.9048376679420471
2023-02-20,0,0.8572750687599182
2023-02-21,2,0.9377285440762838
2023-02-23,2,0.5429705381393433
2023-02-24,0,0.9456533193588257
2023-02-28,2,0.7461066246032715
2023-03-02,0,0.9059905409812927
2023-03-05,0,0.819630537714277
2023-03-07,0,0.7974259853363037
2023-03-08,0,0.6462098360061646
2023-03-10,2,0.8887808799743653
2023-03-13,0,0.549598217010498
2023-03-14,0,0.7507672190666199
2023-03-15,2,0.616523414850235
2023-03-17,2,0.7562754154205322
2023-03-19,0,0.9223851561546326
2023-03-21,0,0.8863478600978851
2023-03-22,2,0.6564075748125712
2023-03-23,0,0.8180821537971497
2023-03-26,0,0.8892355859279633
2023-03-30,0,0.7856609490182664
2023-04-03,2,0.5091049671173096
2023-04-07,0,0.9085323214530945
2023-04-16,2,0.6616547902425131
2023-04-23,0,0.7851223746935526
2023-04-24,2,0.9205338060855865
2023-04-25,0,0.8985592126846313
2023-04-26,0,0.7059610486030579
2023-04-27,2,0.8848766684532166
2023-04-28,0,0.7836377322673798
2023-04-29,2,0.9235571920871735
2023-05-02,0,0.7236542701721191
2023-05-03,2,0.7766463160514832
2023-05-04,0,0.8463258412149217
2023-05-05,2,0.7949753318514142
2023-05-07,0,0.8071570992469788
2023-05-08,0,0.8818225562572479
2023-05-09,0,0.7215416729450226
2023-05-10,2,0.9280468225479126
2023-05-11,0,0.7343204816182455
2023-05-12,0,0.7692144513130188
2023-05-16,0,0.5557584762573242
2023-05-17,2,0.7510989308357239
2023-05-22,0,0.8568734526634216
2023-05-23,1,0.7203825116157532
2023-05-24,2,0.8763193249702453
2023-05-25,0,0.7589109142621359
2023-05-26,0,0.7499284545580546
2023-05-29,2,0.8158448934555054
2023-05-30,0,0.8669264316558838
2023-05-31,2,0.6569585204124451
2023-06-01,2,0.7721556425094604
2023-06-02,0,0.7664579749107361
2023-06-04,0,0.7500641644001007
2023-06-07,2,0.834162563085556
2023-06-12,0,0.8418251574039459
2023-06-13,2,0.7950698932011923
2023-06-15,0,0.8495931029319763
2023-06-16,0,0.7373086810112
2023-06-18,1,0.6351698040962219
2023-06-19,2,0.8718288540840149
2023-06-21,0,0.7692129909992218
2023-06-22,0,0.848286360502243
2023-06-26,2,0.9506580829620361
2023-06-27,2,0.9325113594532013
2023-07-06,2,0.7203773260116577
2023-07-07,0,0.6139308214187622
2023-07-11,0,0.7421487697533199
2023-07-13,1,0.7554858326911926
2023-07-16,0,0.8460900187492371
2023-07-18,2,0.7368748933076859
2023-07-19,2,0.8241038918495178
2023-07-21,0,0.7168578505516052
2023-07-25,2,0.8194356560707092
2023-07-26,0,0.737220048904419
2023-08-01,0,0.5010762810707092
2023-08-02,2,0.7602331042289734
2023-08-03,0,0.8067900935808817
2023-08-04,2,0.9271131753921509
2023-08-07,0,0.5676265358924866
2023-08-08,2,0.7218585213025411
2023-08-09,2,0.8362225294113159
2023-08-10,2,0.8955549597740173
2023-08-11,0,0.6904773116111755
2023-08-13,0,0.825509637594223
2023-08-20,0,0.8996997475624084
2023-08-21,2,0.9291948080062866
2023-08-22,0,0.9497108459472656
2023-08-23,2,0.7906079093615214
2023-08-24,0,0.7457837909460068
2023-08-25,2,0.8808073401451111
2023-08-27,1,0.936752200126648
2023-08-28,2,0.7219875852266947
2023-08-29,2,0.528543084859848
2023-08-30,0,0.8049537241458893
2023-08-31,0,0.8872933387756348
2023-09-03,0,0.6361009478569031
2023-09-04,0,0.9038830995559692
2023-09-05,2,0.8154290914535522
2023-09-06,0,0.7341843843460083
2023-09-11,0,0.7505694627761841
2023-09-12,0,0.9315917491912842
2023-09-20,0,0.8306052684783936
2023-09-26,2,0.655041515827179
2023-09-27,2,0.7832871973514557
2023-09-29,2,0.8932992458343506
2023-10-03,2,0.7903325855731964
2023-10-04,2,0.7386321425437927
2023-10-08,0,0.8155478537082672
2023-10-09,0,0.7444706857204437
2023-10-10,0,0.7507874071598053
2023-10-11,2,0.7933513820171356
2023-10-20,2,0.956848680973053
2023-10-23,0,0.8666412234306335
2023-10-25,0,0.8811050057411194
2023-10-26,2,0.8366522192955017
2023-10-31,2,0.725175216794014
2023-11-01,2,0.788149043917656
2023-11-02,2,0.7841495156288147
2023-11-05,2,0.7862294018268585
2023-11-08,2,0.8245323499043783
2023-11-09,2,0.7520562509695689
2023-11-10,0,0.7110375314950943
2023-11-23,2,0.8397622406482697
2023-11-27,0,0.6874319314956665
2023-11-28,2,0.9484871029853821
2023-11-29,2,0.6624222099781036
2023-11-30,2,0.9452832341194153
2023-12-05,2,0.7509514689445496
2023-12-06,2,0.7694819172223409
2023-12-07,0,0.7352803647518158
2023-12-10,2,0.6352189183235168
2023-12-11,2,0.9175314605236053
2023-12-12,2,0.8948021531105042
2023-12-14,2,0.8665252327919006
2023-12-17,2,0.9082126617431641
2023-12-19,0,0.7411008179187775
2023-12-21,0,0.809974879026413
2023-12-22,0,0.843151330947876
2023-12-26,0,0.9095783233642578
2023-12-29,2,0.7510327696800232
2024-01-07,1,0.9149826765060425
2024-01-08,0,0.6782467812299728
2024-01-09,2,0.7768423557281494
2024-01-10,0,0.6914324164390564
2024-01-11,2,0.7432595491409302
2024-01-12,1,0.5328720808029175
2024-01-14,1,0.7988177537918091
2024-01-18,0,0.9040816426277161
2024-01-19,2,0.8102892339229584
2024-01-21,0,0.8135659694671631
2024-01-22,0,0.6746839284896851
2024-01-23,0,0.7607648611068726
2024-01-24,2,0.907305908203125
2024-01-25,0,0.7788820962111155
2024-01-26,2,0.9018643299738566
2024-01-27,2,0.7973644137382507
2024-01-28,2,0.8218193650245667
2024-01-30,2,0.7972708940505981
2024-02-01,1,0.6205391387144724
2024-02-02,2,0.7632839381694794
2024-02-04,0,0.7211025357246399
2024-02-06,2,0.7773060202598572
2024-02-07,0,0.7664535045623779
2024-02-09,0,0.7311060190200805
2024-02-11,1,0.547055721282959
2024-02-12,2,0.8528238534927368
2024-02-15,0,0.8899458050727844
2024-02-25,2,0.8809002637863159
2024-02-26,0,0.7148716449737549
2024-02-27,0,0.69015833735466
2024-02-28,2,0.8776796460151672
2024-02-29,0,0.5974324941635132
2024-03-01,2,0.8345009982585907
2024-03-03,2,0.6994802355766296
2024-03-05,2,0.7767843455076218
2024-03-06,2,0.726178377866745
2024-03-07,0,0.8568857709566752
2024-03-08,2,0.6651561856269836
2024-03-11,2,0.8741145531336466
2024-03-12,0,0.8479620814323425
2024-03-13,2,0.8971761465072632
2024-03-14,0,0.7022225856781006
2024-03-15,0,0.7182361086209615
2024-03-17,2,0.8844144344329834
2024-03-18,0,0.8681228756904602
2024-03-20,2,0.9174753427505493
2024-03-21,2,0.8316663035324642
2024-03-22,0,0.8720079660415649
2024-03-24,0,0.7565191388130188
2024-03-26,2,0.6984094977378845
2024-03-27,2,0.9056656360626221
2024-03-28,2,0.9552114009857178
2024-03-31,2,0.5906439423561096
2024-04-01,2,0.782341480255127
2024-04-02,2,0.9223340749740601
2024-04-04,0,0.9104498624801636
2024-04-05,2,0.7025063335895538
2024-04-07,0,0.8273441791534424
2024-04-10,0,0.72530198097229
2024-04-11,0,0.83016037940979
2024-04-12,2,0.9202094078063965
2024-04-14,0,0.9197800159454346
2024-04-16,2,0.8246789425611496
2024-04-21,2,0.9322882890701294
2024-04-22,2,0.6796061992645264
2024-04-23,2,0.73257843653361
2024-04-24,0,0.7259882390499115
2024-04-25,2,0.9226739406585693
2024-04-26,0,0.6583250164985657
2024-04-28,0,0.888338029384613
2024-04-29,0,0.8520727753639221
2024-04-30,2,0.955994188785553
2024-05-02,2,0.7082529266675314
2024-05-03,2,0.7082951664924622
2024-05-05,2,0.6938714981079102
2024-05-07,2,0.883362332979838
2024-05-09,0,0.8412855466206869
2024-05-10,2,0.7709307074546814
2024-05-12,0,0.7146225571632385
2024-05-13,2,0.5391591787338257
2024-05-14,2,0.9387612342834473
2024-05-16,0,0.747036337852478
2024-05-20,2,0.8088731567064921
2024-05-21,2,0.7674936354160309
2024-05-22,2,0.5858075320720673
2024-05-24,2,0.8157927513122558
2024-05-26,0,0.8907030820846558
2024-05-28,0,0.7870182394981384
2024-05-29,2,0.8875880837440491
2024-05-30,2,0.9179411828517914
2024-05-31,0,0.7113829851150513
2024-06-02,0,0.5777917504310608
2024-06-03,2,0.9335970878601074
2024-06-04,2,0.7751337885856628
2024-06-05,0,0.8760060667991638
2024-06-06,0,0.76075679063797
2024-06-07,0,0.8985267281532288
2024-06-10,2,0.707673579454422
2024-06-11,2,0.742270827293396
2024-06-12,0,0.5001638531684875
2024-06-13,1,0.8150676041841507
2024-06-14,0,0.8627513945102692
2024-06-16,0,0.8906663060188293
2024-06-17,2,0.9089909791946411
2024-06-20,0,0.8743488788604736
2024-06-21,2,0.7877787947654724
2024-06-22,0,0.7530544598897299
2024-06-23,2,0.6564612984657288
2024-06-24,0,0.8629561364650726
2024-06-25,2,0.9057708233594894
2024-06-26,2,0.8435437281926473
2024-06-27,2,0.6508437693119049
2024-06-30,0,0.8823677897453308
2024-07-02,0,0.7090617616971334
2024-07-07,0,0.8090004920959473
2024-07-08,0,0.8028439283370972
2024-07-09,0,0.6617772579193115
2024-07-10,2,0.8233648339907328
2024-07-11,0,0.8842087984085083
2024-07-12,2,0.7728551924228668
2024-07-14,0,0.9141709208488464
2024-07-16,2,0.9119760990142822
2024-07-17,2,0.6064392030239105
2024-07-18,2,0.7807972729206085
2024-07-19,2,0.7337329983711243
2024-07-21,1,0.6934020817279816
2024-07-24,0,0.8887094557285309
2024-07-25,2,0.8786885738372803
2024-07-26,2,0.9257217049598694
2024-07-28,0,0.8420808911323547
2024-07-31,0,0.9217211604118347
2024-08-01,2,0.8129149675369263
2024-08-04,0,0.8739804625511169
2024-08-05,2,0.8362202048301697
2024-08-06,0,0.7331897020339966
2024-08-09,2,0.7597856521606445
2024-08-11,0,0.7770863771438599
2024-08-18,0,0.7179320454597473
2024-08-20,0,0.7755519032478333
2024-08-21,0,0.684239000082016
2024-08-22,2,0.7492195963859558
2024-08-26,2,0.8117011785507202
2024-08-28,1,0.8697102069854736
2024-08-29,0,0.9237307906150818
2024-08-30,0,0.662156730890274
2024-09-01,2,0.6205783486366272
2024-09-03,2,0.8548027575016022
2024-09-05,0,0.7986027896404266
2024-09-06,2,0.5084906220436096
2024-09-08,2,0.7358269095420837
2024-09-09,2,0.7974421977996826
2024-09-11,2,0.8338138461112976
2024-09-12,2,0.859385073184967
2024-09-16,0,0.9276061356067657
2024-09-17,2,0.9416340589523315
2024-09-19,2,0.9467015862464905
2024-09-20,2,0.8106692433357239
2024-09-22,2,0.7790113687515259
2024-09-23,2,0.9058517813682556
2024-09-25,0,0.7152275045712789
2024-09-26,2,0.8476622956139701
2024-09-27,2,0.7244740724563599
2024-09-29,0,0.9280112981796265
2024-10-01,2,0.8243693828582763
2024-10-02,0,0.6266326904296875
2024-10-03,0,0.5612791776657104
2024-10-06,1,0.9675745368003845
2024-10-08,2,0.8671983281771342
2024-10-10,2,0.8718924522399902
2024-10-13,2,0.5165642499923706
2024-10-15,2,0.7779010534286499
2024-10-16,2,0.8918278515338898
2024-10-17,0,0.9050476849079132
2024-10-18,0,0.6958555181821188
2024-10-20,1,0.9704949259757996
2024-10-21,2,0.8359081745147705
2024-10-23,2,0.8116097331047059
2024-10-24,2,0.9245970845222473
2024-10-25,2,0.9075408577919006
2024-10-26,0,0.7789329886436462
2024-10-27,1,0.8633422553539276
2024-10-31,0,0.7769705653190613
2024-11-03,0,0.8018150925636292
2024-11-06,2,0.835047847032547
2024-11-07,0,0.6883753538131714
2024-11-09,2,0.9277346134185791
2024-11-12,2,0.8877571026484171
2024-11-15,0,0.609470784664154
2024-11-18,2,0.8251459995905558
2024-11-19,2,0.739802211523056
2024-11-20,2,0.7744985733713422
2024-11-21,0,0.7478485107421875
2024-11-24,2,0.7573226392269135
2024-11-26,0,0.8634859025478363
2024-11-27,0,0.6694850325584412
2024-11-28,2,0.7293954789638519
2024-11-29,2,0.8759527802467346
2024-12-01,2,0.9453198909759521
2024-12-03,0,0.8325098951657613
2024-12-10,2,0.8963144421577454
2024-12-11,2,0.6960166096687317
2024-12-12,0,0.7090217173099518
2024-12-15,0,0.5915936827659607
2024-12-16,2,0.8938916325569153
2024-12-17,1,0.8519933223724365
2024-12-19,2,0.8156761725743612
2024-12-22,1,0.8589878082275391
2024-12-23,2,0.8275298625230789
2024-12-26,2,0.8892816305160522
2024-12-29,2,0.7039309144020081
2024-12-31,2,0.7252857089042664
2025-01-06,0,0.6884423494338989
2025-01-07,2,0.945452094078064
2025-01-08,2,0.8695099592208863
2025-01-09,2,0.7660101652145386
2025-01-10,0,0.8405011892318726
2025-01-12,1,0.5651124119758606
2025-01-13,0,0.9080093502998352
2025-01-14,2,0.8346296946207682
2025-01-16,2,0.7335787415504456
2025-01-17,2,0.8386443555355072
2025-01-19,0,0.8199597597122192
2025-01-22,2,0.7203983962535858
2025-01-23,2,0.7534772157669067
2025-01-24,2,0.6996645927429199
2025-01-26,0,0.6536255478858948
2025-01-27,0,0.722502127289772
2025-01-28,2,0.7929632663726807
2025-01-29,2,0.792905350526174
2025-01-31,0,0.8160510063171387
2025-02-02,0,0.9387715458869934
2025-02-04,2,0.7546954229474068
2025-02-05,2,0.9508094787597656
2025-02-09,1,0.8753154277801514
2025-02-12,2,0.716494083404541
2025-02-13,2,0.8680005073547363
2025-02-16,1,0.9505512118339539
2025-02-19,2,0.8393096923828125
2025-02-20,2,0.8174703121185303
2025-02-21,0,0.9232120513916016
2025-02-23,0,0.5593867301940918
2025-02-24,2,0.8090471506118775
2025-02-25,2,0.8357415795326233
2025-02-26,0,0.8127884765466055
2025-02-27,2,0.9542003273963928
2025-02-28,2,0.8906441926956177
2025-03-02,2,0.7002751231193542
2025-03-04,2,0.7917720377445221
