date,Open,Close,Change,majority_sentiment,average_sentiment
2025-02-28,3913.54,3915.439,0.048600537,2,0.8906441926956177
2025-02-27,3908.73,3913.537,0.122904276,2,0.9542003273963928
2025-02-26,3910.01,3908.733,-0.032736464,0,0.8127884765466055
2025-02-25,3920.37,3910.013,-0.264057046,2,0.8357415795326233
2025-02-24,3883.52,3920.365,0.948726684,2,0.8090471506118775
2025-02-21,3861.06,3883.521,0.581653291,0,0.9232120513916016
2025-02-20,3826.77,3861.063,0.896028874,2,0.8174703121185303
2025-02-19,3820.56,3826.774,0.162777398,2,0.8393096923828125
2025-02-13,3804.63,3795.634,-0.236501191,2,0.8680005073547363
2025-02-12,3775.04,3804.632,0.783885734,2,0.716494083404541
2025-02-05,3785.95,3806.196,0.534872922,2,0.9508094787597656
2025-02-04,3779.82,3785.946,0.162203706,2,0.7546954229474068
2025-01-31,3729.51,3759.187,0.79573456,0,0.8160510063171387
2025-01-29,3740.03,3729.029,-0.294142026,2,0.792905350526174
2025-01-28,3728.58,3740.03,0.307195026,2,0.7929632663726807
2025-01-27,3735.0,3728.576,-0.172048101,0,0.722502127289772
2025-01-24,3708.9,3735.002,0.703848071,2,0.6996645927429199
2025-01-23,3736.48,3708.897,-0.738075325,2,0.7534772157669067
2025-01-22,3748.62,3736.475,-0.324039074,2,0.7203983962535858
2025-01-17,3725.13,3763.456,1.028768637,2,0.8386443555355072
2025-01-16,3715.69,3725.133,0.25411155,2,0.7335787415504456
2025-01-14,3731.55,3732.064,0.01369403,2,0.8346296946207682
2025-01-13,3736.89,3731.553,-0.142712408,0,0.9080093502998352
2025-01-10,3761.78,3736.886,-0.661681966,0,0.8405011892318726
2025-01-09,3765.06,3761.777,-0.087090338,2,0.7660101652145386
2025-01-08,3754.62,3765.056,0.278084437,2,0.8695099592208863
2025-01-07,3707.01,3754.615,1.284079316,2,0.945452094078064
2025-01-06,3757.95,3707.014,-1.355446093,0,0.6884423494338989
2024-12-23,3748.97,3767.15,0.485040408,2,0.8275298625230789
2024-12-19,3781.55,3708.531,-1.930953728,2,0.8156761725743612
2024-12-17,3765.16,3774.897,0.258527984,1,0.8519933223724365
2024-12-16,3748.27,3765.163,0.450768315,2,0.8938916325569153
2024-12-12,3744.45,3748.267,0.101910801,0,0.7090217173099518
2024-12-11,3749.3,3744.451,-0.12941072,2,0.6960166096687317
2024-12-10,3735.61,3749.303,0.366633856,2,0.8963144421577454
2024-12-03,3780.73,3788.521,0.20604481,0,0.8325098951657613
2024-11-29,3762.48,3789.175,0.7096125,2,0.8759527802467346
2024-11-28,3785.77,3762.476,-0.615304152,2,0.7293954789638519
2024-11-27,3780.54,3785.77,0.138313538,0,0.6694850325584412
2024-11-26,3781.83,3780.541,-0.033978295,0,0.8634859025478363
2024-11-21,3789.2,3786.715,-0.065581125,0,0.7478485107421875
2024-11-20,3794.86,3789.2,-0.1491228,2,0.7744985733713422
2024-11-19,3794.21,3794.859,0.01713137,2,0.739802211523056
2024-11-18,3808.49,3794.209,-0.37497801,2,0.8251459995905558
2024-11-15,3797.67,3808.49,0.284911538,0,0.609470784664154
2024-11-12,3826.27,3826.723,0.011760792,2,0.8877571026484171
2024-11-07,3852.66,3851.052,-0.041711452,0,0.6883753538131714
2024-11-06,3860.64,3852.659,-0.20677908,2,0.835047847032547
2024-10-31,3827.14,3845.538,0.48072451,0,0.7769705653190613
2024-10-25,3828.07,3825.353,-0.070871296,2,0.9075408577919006
2024-10-24,3825.05,3828.066,0.078822478,2,0.9245970845222472
2024-10-23,3812.44,3825.051,0.330785534,2,0.8116097331047059
2024-10-21,3778.1,3770.871,-0.191286727,2,0.8359081745147705
2024-10-18,3799.23,3778.098,-0.556191796,0,0.6958555181821188
2024-10-17,3796.47,3799.229,0.072620054,0,0.9050476849079132
2024-10-16,3815.8,3796.472,-0.506473351,2,0.8918278515338898
2024-10-15,3780.75,3815.798,0.927065226,2,0.7779010534286499
2024-10-10,3772.07,3780.822,0.231914856,2,0.8718924522399902
2024-10-08,3777.02,3766.106,-0.28903716,2,0.8671983281771342
2024-10-03,3776.67,3766.62,-0.266107444,0,0.5612791776657104
2024-10-02,3768.47,3776.67,0.217568345,0,0.6266326904296875
2024-10-01,3790.43,3768.471,-0.579222494,2,0.8243693828582763
2024-09-27,3765.17,3770.204,0.133699142,2,0.7244740724563599
2024-09-26,3762.9,3765.17,0.060325813,2,0.8476622956139701
2024-09-25,3789.84,3762.9,-0.71087415,0,0.7152275045712789
2024-09-23,3787.4,3799.812,0.327824183,2,0.9058517813682556
2024-09-20,3795.29,3787.396,-0.207968352,2,0.8106692433357239
2024-09-19,3795.78,3795.289,-0.012803709,2,0.9467015862464904
2024-09-17,3796.31,3793.054,-0.08587277,2,0.9416340589523317
2024-09-16,3795.36,3796.314,0.02516231,0,0.9276061356067656
2024-09-12,3739.3,3796.151,1.520310475,2,0.859385073184967
2024-09-11,3789.85,3739.302,-1.333799139,2,0.8338138461112976
2024-09-09,3785.38,3799.561,0.374519468,2,0.7974421977996826
2024-09-06,3768.97,3785.384,0.435610191,2,0.5084906220436096
2024-09-05,3760.75,3768.966,0.218573655,0,0.7986027896404266
2024-09-03,3862.54,3850.654,-0.307699159,2,0.8548027575016022
2024-08-30,3818.16,3835.631,0.457655356,0,0.662156730890274
2024-08-29,3860.73,3818.157,-1.102718916,0,0.9237307906150818
2024-08-28,3877.69,3860.73,-0.437245418,1,0.8697102069854736
2024-08-26,3862.63,3859.02,-0.093407908,2,0.8117011785507202
2024-08-22,3858.61,3835.48,-0.599335615,2,0.7492195963859558
2024-08-21,3876.76,3858.606,-0.46838033,0,0.684239000082016
2024-08-20,3867.31,3876.764,0.244355643,0,0.7755519032478333
2024-08-09,3829.51,3848.317,0.491002253,2,0.7597856521606445
2024-08-06,3815.18,3809.298,-0.15414742,0,0.7331897020339966
2024-08-05,3837.36,3815.179,-0.578001693,2,0.8362202048301697
2024-08-01,3767.33,3808.009,1.079702803,2,0.8129149675369263
2024-07-31,3763.84,3767.333,0.092777564,0,0.9217211604118348
2024-07-26,3722.53,3722.46,-0.001907304,2,0.9257217049598694
2024-07-25,3707.76,3722.531,0.398353616,2,0.8786885738372803
2024-07-24,3720.09,3707.761,-0.331389921,0,0.8887094557285309
2024-07-19,3700.69,3688.311,-0.334585982,2,0.7337329983711243
2024-07-18,3694.2,3700.693,0.175843356,2,0.7807972729206085
2024-07-17,3693.05,3694.197,0.030949994,2,0.6064392030239105
2024-07-16,3683.69,3693.054,0.254201629,2,0.9119760990142822
2024-07-12,3715.43,3706.116,-0.250791698,2,0.7728551924228668
2024-07-11,3704.38,3715.434,0.298322285,0,0.8842087984085083
2024-07-10,3700.27,3704.383,0.111072886,2,0.8233648339907328
2024-07-09,3706.38,3700.273,-0.164823809,0,0.6617772579193115
2024-07-08,3727.42,3706.382,-0.564465199,0,0.8028439283370972
2024-07-02,3751.44,3740.369,-0.295219654,0,0.7090617616971334
2024-06-27,3724.71,3717.904,-0.182591641,2,0.6508437693119049
2024-06-26,3717.4,3724.705,0.196643079,2,0.8435437281926473
2024-06-25,3722.41,3717.395,-0.134617234,2,0.9057708233594894
2024-06-24,3734.95,3722.406,-0.335907931,0,0.8629561364650726
2024-06-21,3745.06,3734.952,-0.269822328,2,0.7877787947654724
2024-06-20,3728.15,3745.057,0.453414868,0,0.8743488788604736
2024-06-17,3707.33,3742.015,0.935578975,2,0.9089909791946412
2024-06-14,3718.66,3707.33,-0.304572405,0,0.8627513945102692
2024-06-13,3727.14,3718.656,-0.227681156,1,0.8150676041841507
2024-06-12,3713.17,3727.142,0.37639039,0,0.5001638531684875
2024-06-11,3716.89,3713.166,-0.100218166,2,0.742270827293396
2024-06-10,3702.53,3716.891,0.387788576,2,0.707673579454422
2024-06-06,3701.03,3702.533,0.040691408,0,0.76075679063797
2024-06-05,3709.0,3701.027,-0.214990506,0,0.8760060667991638
2024-06-04,3705.98,3709.001,0.081462889,2,0.7751337885856628
2024-06-03,3712.3,3705.982,-0.170137203,2,0.9335970878601074
2024-05-31,3694.59,3712.298,0.479186617,0,0.7113829851150513
2024-05-30,3695.51,3694.594,-0.02465157,2,0.9179411828517914
2024-05-29,3692.9,3695.505,0.070432375,2,0.8875880837440491
2024-05-28,3698.78,3692.904,-0.158728228,0,0.7870182394981384
2024-05-24,3719.4,3693.886,-0.685944154,2,0.8157927513122558
2024-05-22,3757.33,3752.076,-0.139833339,2,0.5858075320720673
2024-05-21,3738.14,3757.33,0.51335691,2,0.7674936354160309
2024-05-20,3758.75,3738.14,-0.548373503,2,0.8088731567064921
2024-05-16,3745.67,3743.685,-0.052967841,0,0.747036337852478
2024-05-14,3765.25,3755.105,-0.269490595,2,0.9387612342834472
2024-05-13,3799.52,3765.252,-0.901981643,2,0.5391591787338257
2024-05-10,3744.17,3799.523,1.478297077,2,0.7709307074546814
2024-05-09,3724.81,3744.173,0.519973529,0,0.8412855466206869
2024-05-07,3785.35,3794.726,0.247665276,2,0.883362332979838
2024-05-03,3778.15,3796.346,0.481611371,2,0.7082951664924622
2024-05-02,3766.58,3778.15,0.307228471,2,0.7082529266675314
2024-04-30,3742.95,3766.578,0.631266782,2,0.955994188785553
2024-04-29,3783.89,3742.95,-1.081850775,0,0.8520727753639221
2024-04-26,3788.31,3783.886,-0.116780306,0,0.6583250164985657
2024-04-25,3770.86,3788.31,0.462812442,2,0.9226739406585692
2024-04-24,3769.55,3770.858,0.034805252,0,0.7259882390499115
2024-04-23,3732.49,3769.546,0.992903925,2,0.73257843653361
2024-04-22,3736.18,3732.486,-0.098764084,2,0.6796061992645264
2024-04-16,3735.78,3735.115,-0.017800834,2,0.8246789425611496
2024-04-12,3746.04,3744.055,-0.05298929,2,0.9202094078063964
2024-04-11,3771.08,3746.04,-0.663974422,0,0.83016037940979
2024-04-10,3745.23,3771.079,0.690103927,0,0.72530198097229
2024-04-05,3770.87,3739.982,-0.818989807,2,0.7025063335895538
2024-04-04,3782.03,3770.865,-0.295238193,0,0.9104498624801636
2024-04-02,3785.57,3774.879,-0.28228283,2,0.92233407497406
2024-03-28,3781.04,3785.565,0.119702547,2,0.9552114009857178
2024-03-27,3782.44,3781.039,-0.037013155,2,0.905665636062622
2024-03-26,3785.13,3782.439,-0.071199593,2,0.6984094977378845
2024-03-22,3752.42,3753.025,0.016122929,0,0.8720079660415649
2024-03-21,3783.81,3752.42,-0.829639528,2,0.8316663035324642
2024-03-20,3780.36,3783.812,0.091287578,2,0.9174753427505492
2024-03-18,3787.62,3780.361,-0.191729747,0,0.8681228756904602
2024-03-15,3789.72,3787.623,-0.055386648,0,0.7182361086209615
2024-03-14,3765.16,3789.722,0.65229597,0,0.7022225856781006
2024-03-13,3806.32,3765.162,-1.081228915,2,0.8971761465072632
2024-03-12,3833.7,3806.317,-0.714270809,0,0.8479620814323425
2024-03-11,3819.8,3833.7,0.363788299,2,0.8741145531336466
2024-03-08,3822.37,3819.804,-0.067104981,2,0.6651561856269836
2024-03-07,3825.54,3822.369,-0.082916377,0,0.8568857709566752
2024-03-06,3865.66,3825.541,-1.037881739,2,0.726178377866745
2024-03-05,3863.08,3865.662,0.066889667,2,0.7767843455076218
2024-03-01,3816.94,3847.546,0.801820096,2,0.8345009982585907
2024-02-29,3798.35,3816.941,0.489528734,0,0.5974324941635132
2024-02-28,3773.91,3798.347,0.647578054,2,0.8776796460151672
2024-02-27,3774.1,3773.908,-0.005034315,0,0.69015833735466
2024-02-26,3780.1,3774.098,-0.158726044,0,0.7148716449737549
2024-02-15,3765.52,3787.505,0.583957152,0,0.8899458050727844
2024-02-12,3751.58,3767.615,0.427366375,2,0.8528238534927368
2024-02-09,3744.46,3751.582,0.190254504,0,0.7311060190200805
2024-02-07,3743.72,3737.518,-0.165610764,0,0.7664535045623779
2024-02-06,3762.21,3743.718,-0.491413814,2,0.7773060202598572
2024-02-02,3771.3,3774.601,0.087476421,2,0.7632839381694794
2024-02-01,3770.14,3771.302,0.030927266,1,0.6205391387144724
2024-01-30,3768.44,3755.635,-0.339689993,2,0.7972708940505981
2024-01-26,3739.07,3756.129,0.456290177,2,0.9018643299738566
2024-01-25,3768.72,3739.068,-0.786739682,0,0.7788820962111155
2024-01-24,3775.76,3768.718,-0.186399757,2,0.907305908203125
2024-01-23,3762.07,3775.756,0.363869118,0,0.7607648611068726
2024-01-22,3794.5,3762.067,-0.854763248,0,0.6746839284896851
2024-01-19,3801.36,3794.501,-0.180540459,2,0.8102892339229584
2024-01-18,3787.8,3801.364,0.358044058,0,0.904081642627716
2024-01-12,3855.04,3836.519,-0.480487632,1,0.5328720808029175
2024-01-11,3813.3,3855.042,1.094774991,2,0.7432595491409302
2024-01-10,3833.01,3813.295,-0.514425597,0,0.6914324164390564
2024-01-09,3846.38,3833.013,-0.347392025,2,0.7768423557281494
2024-01-08,3889.53,3846.375,-1.109593362,0,0.6782467812299728
2023-12-29,3860.42,3959.387,2.563579837,2,0.7510327696800232
2023-12-22,3827.03,3788.109,-1.01687342,0,0.843151330947876
2023-12-21,3696.57,3827.025,3.529054359,0,0.809974879026413
2023-12-19,3674.14,3699.0,0.676703128,0,0.7411008179187775
2023-12-14,3665.32,3672.568,0.197663344,2,0.8665252327919006
2023-12-12,3647.67,3665.323,0.48406296,2,0.8948021531105042
2023-12-11,3672.12,3647.666,-0.665909792,2,0.9175314605236052
2023-12-07,3677.75,3672.119,-0.153191364,0,0.7352803647518158
2023-12-06,3670.8,3677.753,0.189495633,2,0.7694819172223409
2023-12-05,3681.97,3670.797,-0.303478762,2,0.7509514689445496
2023-11-30,3664.94,3718.472,1.460596102,2,0.9452832341194152
2023-11-29,3652.68,3664.942,0.335836065,2,0.6624222099781036
2023-11-28,3629.55,3652.675,0.637242234,2,0.948487102985382
2023-11-27,3614.89,3629.546,0.405517517,0,0.6874319314956665
2023-11-23,3559.6,3580.18,0.57821136,2,0.8397622406482697
2023-11-10,3615.6,3617.281,0.046382292,0,0.7110375314950943
2023-11-09,3617.48,3615.604,-0.051831676,2,0.7520562509695689
2023-11-08,3609.17,3617.479,0.230219136,2,0.8245323499043783
2023-11-02,3604.58,3610.662,0.168757572,2,0.7841495156288147
2023-11-01,3618.17,3604.579,-0.375549277,2,0.788149043917656
2023-10-31,3597.93,3618.167,0.562490255,2,0.725175216794014
2023-10-26,3590.14,3598.649,0.237010256,2,0.8366522192955017
2023-10-25,3597.93,3590.14,-0.216624318,0,0.8811050057411194
2023-10-23,3608.34,3597.934,-0.288304557,0,0.8666412234306335
2023-10-20,3598.87,3608.337,0.263082652,2,0.956848680973053
2023-10-11,3610.75,3635.52,0.686034947,2,0.7933513820171356
2023-10-10,3618.08,3610.749,-0.20262128,0,0.7507874071598053
2023-10-09,3628.0,3618.08,-0.273318934,0,0.7444706857204437
2023-10-04,3675.61,3676.577,0.026226918,2,0.7386321425437927
2023-10-03,3673.24,3675.613,0.064547884,2,0.7903325855731964
2023-09-29,3683.44,3691.846,0.228128954,2,0.8932992458343506
2023-09-27,3661.7,3702.197,1.106016935,2,0.7832871973514557
2023-09-26,3687.47,3661.698,-0.698799664,2,0.655041515827179
2023-09-20,3696.15,3692.237,-0.105866916,0,0.8306052684783936
2023-09-12,3737.79,3766.062,0.756517563,0,0.9315917491912842
2023-09-11,3722.77,3737.785,0.403220824,0,0.7505694627761841
2023-09-06,3726.86,3724.728,-0.057152701,0,0.7341843843460083
2023-09-05,3738.65,3726.858,-0.315327978,2,0.8154290914535522
2023-09-04,3750.45,3738.647,-0.314762061,0,0.9038830995559692
2023-08-31,3724.46,3742.115,0.474163334,0,0.8872933387756348
2023-08-30,3724.28,3724.455,0.004752599,0,0.8049537241458893
2023-08-29,3727.3,3724.278,-0.081023841,2,0.528543084859848
2023-08-28,3742.63,3727.298,-0.4095254,2,0.7219875852266947
2023-08-25,3750.86,3742.625,-0.219629456,2,0.8808073401451111
2023-08-24,3751.34,3750.863,-0.012715456,0,0.7457837909460068
2023-08-23,3755.81,3751.34,-0.119042199,2,0.7906079093615214
2023-08-22,3779.62,3755.811,-0.629931051,0,0.9497108459472656
2023-08-21,3798.68,3779.62,-0.501805626,2,0.9291948080062866
2023-08-11,3829.65,3833.854,0.109827326,0,0.6904773116111755
2023-08-10,3833.1,3829.648,-0.090057656,2,0.8955549597740173
2023-08-09,3840.6,3833.1,-0.195256,2,0.8362225294113159
2023-08-08,3855.69,3840.599,-0.391447242,2,0.7218585213025411
2023-08-07,3869.02,3855.692,-0.344583027,0,0.5676265358924866
2023-08-04,3853.96,3869.024,0.391000933,2,0.9271131753921508
2023-08-03,3836.83,3853.955,0.446462896,0,0.8067900935808817
2023-08-02,3829.21,3836.825,0.198866085,2,0.7602331042289734
2023-08-01,3790.64,3829.21,1.017639525,0,0.5010762810707092
2023-07-26,3763.46,3780.153,0.443688047,0,0.737220048904419
2023-07-25,3758.92,3763.455,0.12061972,2,0.8194356560707092
2023-07-21,3778.41,3791.395,0.343742747,0,0.7168578505516052
2023-07-19,3787.73,3769.215,-0.488841473,2,0.8241038918495178
2023-07-18,3776.5,3787.731,0.297524557,2,0.7368748933076859
2023-07-13,3761.01,3741.819,-0.510314777,1,0.7554858326911926
2023-07-11,3773.33,3775.388,0.054461136,0,0.7421487697533199
2023-07-07,3760.93,3771.687,0.285993016,0,0.6139308214187622
2023-07-06,3752.01,3760.931,0.237846038,2,0.7203773260116577
2023-06-27,3736.03,3739.064,0.081235986,2,0.9325113594532012
2023-06-26,3693.8,3736.029,1.143294788,2,0.950658082962036
2023-06-22,3716.98,3711.24,-0.154533891,0,0.848286360502243
2023-06-21,3732.11,3716.984,-0.405320206,0,0.7692129909992218
2023-06-19,3734.07,3712.579,-0.575431714,2,0.8718288540840149
2023-06-16,3698.29,3734.066,0.967475203,0,0.7373086810112
2023-06-15,3668.8,3698.286,0.803696031,0,0.8495931029319763
2023-06-13,3707.91,3697.076,-0.292078602,2,0.7950698932011923
2023-06-12,3734.93,3707.906,-0.723574278,0,0.8418251574039459
2023-06-02,3747.09,3763.31,0.432949649,0,0.7664579749107361
2023-06-01,3745.28,3747.087,0.04838096,2,0.7721556425094604
2023-05-31,3716.18,3745.275,0.78290051,2,0.6569585204124451
2023-05-30,3694.52,3716.181,0.586436921,0,0.8669264316558838
2023-05-29,3661.3,3694.515,0.907136314,2,0.8158448934555054
2023-05-26,3663.41,3661.302,-0.057623861,0,0.7499284545580546
2023-05-25,3639.43,3663.413,0.659059792,0,0.7589109142621359
2023-05-24,3641.96,3639.427,-0.069523023,2,0.8763193249702453
2023-05-23,3650.99,3641.959,-0.247357566,1,0.7203825116157532
2023-05-22,3672.66,3650.99,-0.589900222,0,0.8568734526634216
2023-05-17,3655.36,3677.637,0.60937877,2,0.7510989308357239
2023-05-16,3685.35,3655.362,-0.813708332,0,0.5557584762573242
2023-05-12,3674.84,3685.315,0.285073713,0,0.7692144513130188
2023-05-11,3665.04,3674.839,0.267391425,0,0.7343204816182455
2023-05-10,3669.66,3665.039,-0.125924473,2,0.9280468225479126
2023-05-09,3682.97,3669.66,-0.361447223,0,0.7215416729450226
2023-05-08,3710.35,3682.972,-0.737908624,0,0.8818225562572479
2023-05-05,3672.46,3710.351,1.031705706,2,0.7949753318514142
2023-05-04,3650.52,3672.462,0.601092612,0,0.8463258412149217
2023-05-03,3638.49,3650.519,0.330631754,2,0.7766463160514832
2023-05-02,3621.45,3638.489,0.470418917,0,0.7236542701721191
2023-04-28,3621.22,3621.453,0.006434296,0,0.7836377322673798
2023-04-27,3622.76,3621.22,-0.042619392,2,0.8848766684532166
2023-04-26,3604.36,3622.764,0.510548053,0,0.7059610486030579
2023-04-25,3601.17,3604.362,0.088554479,0,0.8985592126846313
2023-04-24,3581.45,3601.173,0.550614513,2,0.9205338060855864
2023-04-03,3539.71,3532.127,-0.214113828,2,0.5091049671173096
2023-03-30,3554.32,3539.706,-0.41113361,0,0.7856609490182664
2023-03-23,3527.01,3586.666,1.691490831,0,0.8180821537971497
2023-03-22,3578.48,3527.007,-1.438404015,2,0.6564075748125712
2023-03-21,3629.44,3578.48,-1.404073356,0,0.8863478600978851
2023-03-17,3628.82,3623.834,-0.137317478,2,0.7562754154205322
2023-03-15,3639.03,3634.93,-0.112557591,2,0.616523414850235
2023-03-14,3649.78,3639.026,-0.294757169,0,0.7507672190666199
2023-03-13,3647.27,3649.784,0.069010577,0,0.549598217010498
2023-03-10,3627.59,3647.267,0.542537103,2,0.8887808799743653
2023-03-08,3627.71,3633.339,0.155166758,0,0.6462098360061646
2023-03-07,3629.22,3627.71,-0.041496566,0,0.7974259853363037
2023-03-02,3639.03,3589.761,-1.35376921,0,0.9059905409812928
2023-02-28,3646.73,3639.044,-0.21087362,2,0.7461066246032715
2023-02-24,3592.69,3649.195,1.5727204,0,0.9456533193588256
2023-02-23,3583.06,3592.692,0.268736553,2,0.5429705381393433
2023-02-21,3573.13,3595.608,0.629027979,2,0.9377285440762838
2023-02-20,3599.92,3573.132,-0.744127647,0,0.8572750687599182
2023-02-17,3618.31,3599.92,-0.508165836,0,0.7705035209655762
2023-02-15,3624.56,3622.987,-0.043425949,0,0.7768356800079346
2023-02-14,3600.7,3624.561,0.662564876,0,0.8094171285629272
2023-02-13,3595.67,3600.704,0.140029574,0,0.7473600308100382
2023-02-09,3582.24,3595.669,0.374877172,1,0.9576817154884338
2023-02-07,3566.34,3582.567,0.454976123,2,0.6559304594993591
2023-02-03,3551.07,3565.195,0.397795706,2,0.543989896774292
2023-02-02,3550.78,3551.069,0.008279883,2,0.8896854917208353
2023-02-01,3549.82,3550.775,0.026959129,2,0.7557517886161804
2023-01-31,3571.19,3549.818,-0.598511645,2,0.9265578389167786
2023-01-26,3552.49,3547.922,-0.128473413,0,0.7801563739776611
2023-01-25,3556.05,3552.486,-0.100279748,2,0.9094374179840088
2023-01-24,3556.6,3556.052,-0.015436086,0,0.7084538141886393
2023-01-20,3556.4,3524.151,-0.906648446,0,0.6608448624610901
2023-01-18,3559.54,3554.395,-0.144569201,2,0.8278938631216685
2023-01-13,3581.59,3582.507,0.025603154,2,0.8171690702438354
2023-01-11,3607.19,3602.819,-0.121146965,0,0.764462431271871
2023-01-10,3580.56,3607.189,0.74379489,2,0.9235717356204988
2023-01-03,3554.18,3502.632,-1.45026542,1,0.908586084842682
2022-12-30,3518.58,3554.177,1.011801365,1,0.9450388550758362
2022-12-15,3507.94,3522.961,0.428343171,0,0.5270685702562332
2022-12-14,3529.16,3507.935,-0.601474231,2,0.8232375979423523
2022-12-07,3547.85,3581.306,0.942879837,2,0.8429646094640096
2022-12-06,3562.05,3547.854,-0.398618437,0,0.7127116024494171
2022-12-05,3568.07,3562.053,-0.168634584,0,0.69921875
2022-11-30,3558.96,3553.213,-0.161423653,2,0.79611736536026
2022-11-29,3554.28,3558.958,0.131559623,0,0.7553708155949911
2022-11-28,3557.48,3554.282,-0.090007432,0,0.8539614081382751
2022-11-25,3562.86,3557.484,-0.150777915,2,0.8124447464942932
2022-11-22,3572.23,3555.612,-0.465255336,0,0.5285205245018005
2022-11-09,3621.97,3594.061,-0.77054752,0,0.7606264650821686
2022-11-08,3611.36,3621.97,0.293767364,0,0.875993549823761
2022-11-07,3613.55,3611.361,-0.060632862,0,0.5642666220664978
2022-11-03,3604.64,3614.457,0.272287789,2,0.7348079681396484
2022-11-02,3643.53,3604.642,-1.067370892,0,0.802423506975174
2022-10-28,3623.65,3657.082,0.922717065,0,0.8124444842338562
2022-10-27,3637.04,3623.646,-0.368129534,0,0.8113958835601807
2022-10-19,3594.92,3598.448,0.098027107,2,0.8906381726264954
2022-10-18,3589.66,3594.924,0.146643415,0,0.8051355481147766
2022-10-14,3626.86,3605.798,-0.580804955,0,0.917897880077362
2022-10-13,3625.15,3626.863,0.04736361,2,0.6938030322392782
2022-10-12,3623.75,3625.146,0.038496022,0,0.9234434366226196
2022-10-11,3624.48,3623.751,-0.020002891,2,0.7250529527664185
2022-10-07,3653.87,3632.018,-0.598023629,2,0.7912501096725464
2022-10-06,3656.27,3653.869,-0.065750014,0,0.8027793765068054
2022-10-04,3646.89,3648.556,0.04568276,2,0.885757178068161
2022-10-03,3632.7,3646.89,0.390729089,2,0.7890376448631287
2022-09-30,3630.75,3632.696,0.05351507,0,0.8127897381782532
2022-09-28,3679.14,3660.343,-0.51090744,1,0.5516347289085388
2022-09-27,3667.38,3679.14,0.320582824,2,0.7701175212860107
2022-09-26,3661.17,3667.383,0.16969985,0,0.8741156458854675
2022-09-23,3634.75,3661.17,0.727011111,0,0.541291356086731
2022-09-22,3632.23,3634.745,0.069296311,2,0.8927631974220276
2022-09-20,3615.44,3632.228,0.464230673,1,0.7132446765899658
2022-09-19,3607.08,3615.444,0.231905096,2,0.7338961362838745
2022-09-16,3616.34,3607.079,-0.256004902,2,0.936420440673828
2022-09-15,3667.3,3616.337,-1.389552411,0,0.8715867698192596
2022-09-14,3645.48,3667.296,0.598522498,0,0.85244020819664
2022-09-13,3644.52,3645.477,0.026340939,0,0.8866748213768005
2022-09-06,3624.87,3621.383,-0.096306796,2,0.887830893198649
2022-09-01,3614.89,3606.995,-0.218374617,0,0.9346133470535278
2022-08-30,3593.67,3569.065,-0.684565566,2,0.8426581621170044
2022-08-26,3629.86,3609.583,-0.558616586,2,0.9327596426010132
2022-08-25,3639.57,3629.86,-0.266762356,0,0.8230033755302429
2022-08-19,3660.69,3653.689,-0.191248098,0,0.7858532667160034
2022-08-18,3655.72,3660.69,0.135951331,2,0.954468846321106
2022-08-17,3657.27,3655.72,-0.042490664,0,0.7731977999210358
2022-08-10,3671.54,3673.391,0.050551064,2,0.7409228980541229
2022-08-09,3648.59,3671.535,0.629010973,0,0.7371053695678711
2022-08-02,3671.23,3674.478,0.08836266,0,0.5938030481338501
2022-08-01,3672.99,3671.234,-0.047726823,0,0.7990537285804749
2022-07-27,3668.07,3678.294,0.278784363,0,0.8702268004417419
2022-07-26,3682.64,3668.068,-0.395802581,2,0.8680025935173035
2022-07-22,3678.8,3689.068,0.279085496,2,0.8770085771878561
2022-07-21,3679.45,3678.801,-0.017584159,2,0.7616940140724182
2022-07-20,3685.96,3679.448,-0.176697475,2,0.7853285789489746
2022-07-19,3711.91,3685.961,-0.698993806,2,0.8015678226947784
2022-07-18,3719.94,3711.907,-0.215837047,2,0.6843354105949402
2022-07-13,3712.94,3725.645,0.342316793,2,0.9537705779075624
2022-07-07,3691.15,3728.396,1.009144312,0,0.7622922956943512
2022-07-05,3690.18,3672.249,-0.48577642,0,0.8515486121177673
2022-07-01,3660.14,3705.176,1.230555367,2,0.7384567260742188
2022-06-28,3623.52,3642.574,0.525731305,0,0.7280459403991699
2022-06-27,3654.43,3623.524,-0.845740418,2,0.6566581130027771
2022-06-24,3663.18,3654.431,-0.238836202,2,0.7314651310443878
2022-06-23,3671.78,3663.18,-0.234164484,0,0.5280927419662476
2022-06-22,3686.41,3671.778,-0.396917326,0,0.6868570148944855
2022-06-21,3767.81,3686.41,-2.160354243,0,0.8684927821159363
2022-06-20,3716.88,3767.808,1.370263261,0,0.8865180909633636
2022-06-16,3684.25,3705.567,0.578707285,0,0.8173168301582336
2022-06-15,3656.1,3684.246,0.769864273,2,0.7407180368900299
2022-06-14,3674.97,3656.099,-0.513392505,2,0.7673500329256058
2022-06-13,3738.26,3674.966,-1.693166957,0,0.6680935919284821
2022-06-09,3692.17,3745.829,1.453373736,0,0.7664673158100673
2022-06-03,3718.59,3781.616,1.694999121,1,0.7157615423202515
2022-06-02,3725.85,3764.193,1.029026105,0,0.7176830619573593
2022-06-01,3699.67,3725.853,0.70773899,2,0.8172175526618958
2022-05-30,3706.35,3704.776,-0.04233281,2,0.8632093667984009
2022-05-27,3705.37,3706.345,0.026205182,2,0.8490762114524841
2022-05-26,3705.2,3705.374,0.004642122,0,0.6994861960411072
2022-05-25,3669.86,3705.202,0.963144058,2,0.9505027532577516
2022-05-24,3707.89,3669.856,-1.025731892,2,0.807673990726471
2022-05-19,3749.85,3735.796,-0.374735189,2,0.5996050238609314
2022-05-18,3735.6,3749.848,0.381491901,0,0.7312154650688172
2022-05-17,3736.18,3735.597,-0.015577412,2,0.8045702576637268
2022-05-16,3711.21,3736.179,0.672880817,0,0.847071905930837
2022-05-13,3709.78,3711.207,0.038438927,2,0.9131803512573242
2022-05-12,3722.38,3709.781,-0.338493024,0,0.8352573037147522
2022-05-11,3715.04,3722.381,0.197737033,0,0.9335225224494934
2022-05-10,3709.63,3715.035,0.145620874,0,0.8474584221839905
2022-05-05,3807.49,3795.089,-0.325647776,0,0.925632655620575
2022-04-29,3603.14,3712.053,3.022781809,0,0.7289235219359398
2022-04-27,3601.33,3610.735,0.261153518,2,0.8246726393699646
2022-04-26,3590.72,3601.33,0.29542805,2,0.5521496534347534
2022-04-21,3553.28,3560.564,0.205106499,0,0.9159386157989502
2022-04-20,3590.06,3553.276,-1.024468984,2,0.8899745345115662
2022-04-14,3640.75,3651.674,0.300048067,2,0.8757197558879852
2022-04-13,3638.25,3640.75,0.068824373,2,0.8668267130851746
2022-04-12,3604.51,3638.246,0.935882583,2,0.8527321815490723
2022-04-11,3622.55,3604.512,-0.497826667,1,0.8457430601119995
2022-04-08,3633.74,3622.546,-0.308057263,2,0.9480977654457092
2022-04-06,3608.04,3610.433,0.066296364,0,0.8631625771522522
2022-04-04,3634.2,3605.662,-0.785262231,0,0.8300863623619079
2022-04-01,3620.66,3634.2,0.374048135,0,0.8526301980018616
2022-03-30,3643.93,3620.657,-0.63867857,2,0.5018439888954163
2022-03-25,3634.88,3645.549,0.293517255,0,0.880888819694519
2022-03-23,3639.46,3641.404,0.053551974,2,0.8252909183502197
2022-03-22,3650.51,3639.455,-0.302889019,2,0.825543829372951
2022-03-21,3673.51,3650.512,-0.6261309,0,0.7560326457023621
2022-03-18,3667.62,3673.513,0.160812953,0,0.8089112341403961
2022-03-17,3660.75,3667.615,0.187557246,0,0.9364426136016846
2022-03-16,3670.57,3660.749,-0.267479112,0,0.8338823318481445
2022-03-15,3662.99,3670.567,0.206798158,2,0.5594139695167542
2022-03-14,3686.84,3662.992,-0.646733405,2,0.6689974466959635
2022-03-11,3723.64,3686.836,-0.988387707,2,0.4980562627315521
2022-03-10,3741.65,3723.64,-0.481444837,0,0.7863741252157423
2022-03-08,3726.54,3721.361,-0.138868912,0,0.738551507393519
2022-03-04,3743.77,3735.729,-0.214863455,2,0.7398617267608643
2022-03-02,3660.17,3662.478,0.063029842,0,0.7307124137878418
2022-03-01,3674.79,3660.171,-0.397791547,0,0.7565280348062515
2022-02-25,3758.66,3762.405,0.099663204,0,0.8860380053520203
2022-02-24,3763.29,3758.659,-0.123083758,2,0.8776938319206238
2022-02-23,3775.92,3763.291,-0.334461535,2,0.8518098394076029
2022-02-22,3779.65,3775.92,-0.098739249,2,0.8475866317749023
2022-02-21,3754.12,3779.652,0.680052486,0,0.8641244173049927
2022-02-17,3732.2,3784.476,1.400811051,0,0.6732251842816671
2022-02-15,3692.85,3686.445,-0.173308113,2,0.6399749517440796
2022-02-11,3690.85,3686.343,-0.122112792,2,0.8822918385267258
2022-02-09,3715.36,3690.85,-0.659720549,2,0.8041216731071472
2022-02-08,3736.99,3715.361,-0.578701505,0,0.8183636963367462
2022-02-04,3730.09,3765.066,0.937644685,0,0.8423261046409607
2022-02-01,3755.49,3771.257,0.419785211,2,0.7854515194892884
2022-01-28,3791.01,3781.636,-0.247242884,2,0.9171946048736572
2022-01-27,3772.97,3791.009,0.47816467,0,0.6707146644592286
2022-01-26,3763.04,3772.968,0.263855889,0,0.6978209242224693
2022-01-25,3751.69,3763.039,0.302476936,2,0.7477564066648483
2022-01-24,3774.89,3751.691,-0.61461361,2,0.6500930190086365
2022-01-21,3762.93,3774.892,0.317810601,2,0.8325471878051758
2022-01-19,3823.5,3793.637,-0.780934516,2,0.6877998262643814
2022-01-18,3817.78,3823.496,0.149851681,2,0.7865060716867447
2022-01-17,3805.61,3817.775,0.319765104,2,0.5364792943000793
2022-01-11,3818.28,3792.537,-0.674308145,2,0.8496099710464478
2022-01-07,3899.72,3858.788,-1.049512323,0,0.9335225224494934
2022-01-06,3840.33,3899.716,1.546509736,2,0.8001417592167854
2021-12-29,3874.44,3882.001,0.195124923,1,0.8490189909934998
2021-12-28,3835.31,3874.441,1.020229906,1,0.8343060612678528
2021-12-27,3801.0,3835.312,0.902603628,1,0.966108500957489
2021-12-21,3806.06,3819.672,0.357666552,2,0.9162874817848206
2021-12-17,3788.29,3797.509,0.243302259,0,0.7145270109176636
2021-12-16,3758.65,3788.292,0.788661032,2,0.9167889952659608
2021-12-15,3773.03,3758.649,-0.381178951,2,0.71383136510849
2021-12-07,3749.65,3760.357,0.285519906,2,0.8594290018081665
2021-12-06,3774.21,3749.651,-0.650626741,2,0.7679421305656433
2021-12-02,3762.33,3755.027,-0.194002327,1,0.876939982175827
2021-12-01,3756.83,3762.326,0.146266894,0,0.8045264681180319
2021-11-30,3758.86,3756.831,-0.054005721,0,0.93983393907547
2021-11-29,3813.04,3758.861,-1.420809712,0,0.9305272102355956
2021-11-26,3812.73,3813.037,0.007973283,2,0.8941088318824768
2021-11-25,3827.97,3812.733,-0.398017852,0,0.8561424016952515
2021-11-18,3878.65,3823.348,-1.425881614,2,0.8898568749427795
2021-11-17,3926.27,3878.653,-1.212729238,2,0.9055970311164856
2021-11-12,3884.38,3861.004,-0.601794881,1,0.7156578004360199
2021-11-11,3872.6,3884.38,0.304188401,2,0.7348738610744476
2021-11-10,3833.84,3872.6,1.011075849,2,0.9411680698394777
2021-11-09,3789.76,3833.837,1.16305518,2,0.8307403922080994
2021-11-04,3827.72,3819.645,-0.210856814,0,0.9077033996582032
2021-11-03,3811.95,3827.716,0.413488725,0,0.8943220973014832
2021-11-02,3822.86,3811.954,-0.285153374,0,0.8297980825106303
2021-10-28,3878.67,3862.439,-0.418545209,0,0.7923739552497864
2021-10-27,3891.71,3878.673,-0.3349173,2,0.9118373394012452
2021-10-21,3882.58,3859.439,-0.59609801,0,0.8698263764381409
2021-10-20,3893.75,3882.583,-0.286895371,0,0.7960132956504822
2021-10-15,3943.3,3903.518,-1.008925766,0,0.8779337406158447
2021-10-13,3953.15,3953.326,0.004477443,0,0.9407038688659668
2021-10-08,3895.55,3960.473,1.666541738,2,0.9586110711097716
2021-10-06,3892.16,3904.372,0.313862034,2,0.7999047875404358
2021-09-20,3862.04,3879.874,0.461828703,2,0.6730982661247253
2021-09-17,3887.88,3862.038,-0.664578809,2,0.9329050183296204
2021-09-16,3906.12,3887.876,-0.4669855,0,0.7444731593132019
2021-09-15,3917.36,3906.117,-0.286953605,0,0.6426152388254801
2021-09-14,3933.39,3917.358,-0.407688627,2,0.9343478232622148
2021-09-10,3905.0,3931.185,0.670499016,2,0.6455331444740295
2021-09-09,3891.69,3905.002,0.342191107,0,0.9003978371620178
2021-08-31,3878.14,3890.115,0.308911371,0,0.754397451877594
2021-08-27,3901.89,3887.27,-0.374690214,2,0.7522651553153992
2021-08-20,3877.15,3866.249,-0.281031532,2,0.7834298014640808
2021-08-19,3878.41,3877.145,-0.032616459,0,0.9077614545822144
2021-08-17,3876.67,3912.079,0.913308912,2,0.9351902604103088
2021-08-12,3870.63,3875.288,0.1203163,1,0.4159785211086273
2021-08-10,3869.47,3879.842,0.268047045,1,0.9389919638633728
2021-08-05,3864.59,3863.791,-0.020752509,0,0.8227353394031525
2021-08-03,3843.17,3859.642,0.428604511,0,0.5888972282409668
2021-07-30,3833.21,3832.415,-0.020739798,0,0.8779670596122742
2021-07-29,3782.94,3833.21,1.328833836,2,0.8592639267444611
2021-07-28,3774.9,3782.941,0.213038812,0,0.8381977081298828
2021-07-27,3821.57,3774.899,-1.221329542,2,0.9104083180427552
2021-07-22,3856.97,3852.134,-0.12546108,0,0.8913034945726395
2021-07-21,3867.3,3856.973,-0.26698227,0,0.4956896305084228
2021-07-20,3861.31,3867.298,0.155102842,0,0.541764423251152
2021-07-15,3923.54,3868.949,-1.391446455,2,0.8876762390136719
2021-07-13,3938.61,3926.229,-0.314450718,0,0.8238188028335571
2021-07-08,3933.03,3919.673,-0.339636275,2,0.8051047921180725
2021-07-07,3871.25,3933.031,1.595787825,0,0.7684796452522278
2021-07-06,3878.52,3871.254,-0.187365235,0,0.7224390506744385
2021-07-01,3902.03,3876.428,-0.656170939,0,0.8769074976444244
2021-06-24,3847.43,3866.064,0.484297184,0,0.7722235918045044
2021-06-22,3931.55,3881.32,-1.277588045,2,0.6266818046569824
2021-06-21,3955.34,3931.549,-0.601364992,0,0.8745070099830627
2021-06-18,4028.94,3955.335,-1.826931692,0,0.6008951812982559
2021-06-15,4034.02,3998.322,-0.884800875,2,0.8175791203975677
2021-06-10,3952.66,3997.274,1.128657092,2,0.7823073267936707
2021-06-09,3952.56,3952.662,0.002479403,2,0.9048514366149902
2021-06-08,3992.45,3952.564,-0.999060477,2,0.5444895029067993
2021-06-02,3911.07,3940.704,0.75764394,0,0.6255819201469421
2021-06-01,3952.21,3911.072,-1.040860946,0,0.7869784832000732
2021-05-28,3991.23,3971.223,-0.501174326,0,0.8971311450004578
2021-05-27,3993.75,3991.226,-0.063223771,0,0.8922154903411865
2021-05-20,4027.86,4011.037,-0.41776485,2,0.7945249676704407
2021-05-18,3971.63,3964.502,-0.179548312,0,0.8227528929710388
2021-05-11,4030.12,4008.561,-0.53494685,0,0.7847784161567688
2021-05-10,4027.96,4030.12,0.053724519,0,0.9254737496376038
2021-05-07,4029.05,4027.956,-0.027177616,2,0.8332644402980804
2021-05-06,3976.55,4029.051,1.320341492,2,0.7516986131668091
2021-05-05,3979.47,3976.547,-0.073401771,0,0.7624858021736145
2021-05-04,4030.33,3979.468,-1.262005528,0,0.4998342394828796
2021-04-30,4051.01,4022.918,-0.693530236,0,0.9257304072380066
2021-04-27,4008.72,3963.121,-1.137569246,2,0.7506081461906433
2021-04-21,3835.84,3879.748,1.144677567,2,0.7276387214660645
2021-04-20,3893.85,3835.84,-1.48988637,2,0.8060817122459412
2021-04-19,3905.22,3893.854,-0.290944214,0,0.9101039171218872
2021-04-16,3873.61,3905.216,0.815879339,2,0.8238677978515625
2021-04-15,3933.78,3873.612,-1.529621352,0,0.7961532771587372
2021-04-14,3978.37,3933.784,-1.120685386,0,0.7075405716896057
2021-04-13,3975.82,3978.369,0.064188065,2,0.8540456096331278
2021-04-12,3917.99,3975.817,1.475909465,0,0.6805618107318878
2021-04-09,3787.3,3917.991,3.450687732,0,0.9194229543209076
2021-04-08,3822.9,3787.303,-0.931125829,1,0.9056064784526824
2021-04-07,3823.23,3822.899,-0.008605294,0,0.7674702405929565
2021-04-06,3796.77,3823.228,0.696855485,2,0.8068893551826477
2021-04-01,3789.38,3796.77,0.194939387,2,0.8229402601718903
2021-03-30,3796.48,3789.383,-0.186910029,1,0.79130719602108
2021-03-26,3804.98,3768.99,-0.945891714,0,0.8212576508522034
2021-03-25,3782.5,3804.981,0.594262582,2,0.890398383140564
2021-03-24,3804.67,3782.503,-0.582547697,2,0.7905727326869965
2021-03-22,3797.63,3786.992,-0.279990784,1,0.9304567575454712
2021-03-18,3773.67,3797.625,0.634766518,0,0.8858096599578857
2021-03-17,3828.79,3773.671,-1.43949022,2,0.7813601791858673
2021-03-16,3822.39,3828.786,0.167277453,0,0.8539861738681793
2021-03-12,3841.9,3828.505,-0.348525923,1,0.9638795256614684
2021-03-11,3849.68,3841.895,-0.202094982,2,0.9497711658477784
2021-03-10,3826.28,3849.675,0.611403083,2,0.5447796583175659
2021-03-09,3817.81,3826.281,0.221828629,2,0.6963362097740173
2021-03-08,3846.39,3817.812,-0.742982381,2,0.6789514124393463
2021-03-05,3845.39,3846.39,0.026031177,2,0.776263028383255
2021-03-04,3849.17,3845.389,-0.098280877,2,0.7336067259311676
2021-03-03,3838.65,3849.172,0.274028416,2,0.7543219923973083
2021-03-02,3841.68,3838.653,-0.078689614,2,0.9316856563091278
2021-02-26,3844.26,3837.516,-0.175326513,1,0.6942612677812576
2021-02-25,3857.39,3844.256,-0.340360114,2,0.8331119418144226
2021-02-24,3871.17,3857.385,-0.356119634,0,0.9014615416526794
2021-02-23,3907.67,3871.171,-0.933908101,1,0.935831904411316
2021-02-22,3893.64,3907.665,0.360228568,0,0.7004671692848206
2021-02-19,3931.3,3893.639,-0.957852311,2,0.5150135159492493
2021-02-18,3941.19,3931.295,-0.25116754,2,0.6868270635604858
2021-02-17,3960.31,3941.194,-0.482588972,1,0.7323573231697083
2021-02-16,3975.33,3960.306,-0.377955949,0,0.7562080264091492
2021-02-15,3995.03,3975.331,-0.493062754,2,0.5919326841831207
2021-02-11,3991.44,3990.067,-0.034423658,1,0.9410839676856996
2021-02-09,4018.36,3991.441,-0.669999034,2,0.9414569139480592
2021-02-04,3961.62,3952.455,-0.231369937,0,0.8384614884853363
2021-02-03,3985.64,3961.621,-0.602613533,2,0.6498344639937083
2021-02-02,3982.26,3985.639,0.084750785,0,0.6973561346530914
2021-01-28,4034.16,4041.793,0.189159483,2,0.7657703757286072
2021-01-26,4015.69,4036.389,0.515453135,2,0.82459756731987
2021-01-22,4012.06,4010.966,-0.027168115,1,0.9604519804318746
2021-01-21,4023.64,4012.056,-0.287848957,2,0.5266534686088562
2021-01-20,4024.69,4023.638,-0.026088979,2,0.7668983340263367
2021-01-19,4024.97,4024.688,-0.006931734,0,0.8266658782958984
2021-01-14,4034.68,4040.011,0.132079802,0,0.8752161065737406
2021-01-13,4024.37,4034.682,0.256363426,2,0.7552023231983185
2021-01-11,4081.96,4016.735,-1.597956669,1,0.9505826830863952
2021-01-07,4070.28,4103.982,0.827902918,0,0.8198657184839249
2021-01-06,4129.96,4070.284,-1.444881872,0,0.9320557713508606
2020-12-30,4115.75,4131.086,0.372739322,0,0.8077980279922485
2020-12-16,4153.72,4166.078,0.297444004,2,0.8604732155799866
2020-12-15,4119.16,4153.723,0.839078841,1,0.8697776794433594
2020-12-10,4121.53,4165.289,1.061766413,0,0.8410765926043192
2020-12-09,4121.28,4121.528,0.006090345,0,0.823769768079122
2020-12-07,4068.86,4121.277,1.288297601,2,0.8518718481063843
2020-12-04,3962.92,4068.858,2.673153125,0,0.8189659913380941
2020-12-03,3998.02,3962.923,-0.87785954,0,0.8228396028280258
2020-12-01,3708.52,3926.125,5.867733184,0,0.7798421382904053
2020-11-26,3659.07,3682.443,0.638658852,0,0.9157596230506896
2020-11-25,3666.74,3659.074,-0.209041331,0,0.6628370881080627
2020-11-23,3644.93,3631.282,-0.374519916,0,0.8864664832750956
2020-11-20,3638.25,3644.933,0.183687212,0,0.8137590885162354
2020-11-17,3639.95,3639.945,0.0,0,0.9035423398017884
2020-11-16,3643.79,3639.945,-0.105467168,2,0.9183588027954102
2020-11-13,3617.67,3643.788,0.721845031,2,0.812529194355011
2020-11-12,3654.44,3617.674,-1.006090945,2,0.7085518836975098
2020-11-11,3641.65,3654.441,0.351324552,2,0.7405267655849457
2020-11-10,3528.17,3641.647,3.216371783,0,0.9458160400390624
2020-11-09,3472.22,3528.168,1.611361959,2,0.8400751650333405
2020-11-06,3461.88,3472.218,0.298594897,2,0.9101558327674866
2020-11-05,3448.25,3461.881,0.39527285,2,0.7620961666107178
2020-11-04,3465.57,3448.251,-0.499687209,2,0.7342188656330109
2020-11-03,3471.62,3465.568,-0.17435659,2,0.74415522813797
2020-11-02,3468.22,3471.621,0.098148415,0,0.828699141740799
2020-10-30,3460.61,3468.217,0.219845698,1,0.8180046081542969
2020-10-29,3474.1,3460.609,-0.388302118,2,0.7647965550422668
2020-10-28,3469.54,3474.099,0.131400704,0,0.8275942802429199
2020-10-26,3460.64,3465.186,0.131420854,2,0.878677487373352
2020-10-23,3473.02,3460.638,-0.356490995,2,0.7580990195274353
2020-10-22,3467.01,3473.019,0.173319373,1,0.9711624383926392
2020-10-21,3469.77,3467.01,-0.079601772,2,0.9228660464286804
2020-10-20,3466.25,3469.772,0.101637245,1,0.9641932845115662
2020-10-19,3477.94,3466.249,-0.336089948,2,0.94871723651886
2020-10-16,3464.51,3477.938,0.387558302,0,0.5856785774230957
2020-10-15,3475.91,3464.511,-0.327799523,2,0.818293035030365
2020-10-14,3499.77,3475.905,-0.681987089,2,0.8095210790634155
2020-10-13,3470.46,3499.773,0.844526841,2,0.767076293627421
2020-10-12,3484.88,3470.464,-0.413529897,2,0.8327986598014832
2020-10-09,3512.0,3484.875,-0.772351936,2,0.7717981139818827
2020-10-08,3504.85,3512.0,0.204117385,2,0.8482860028743744
2020-10-07,3535.36,3504.846,-0.863080666,1,0.95525062084198
2020-10-06,3537.07,3535.359,-0.048316855,0,0.8058263063430786
2020-10-05,3551.37,3537.068,-0.402830003,1,0.96751606464386
2020-10-02,3563.12,3551.374,-0.329654909,0,0.8401172086596489
2020-10-01,3540.99,3563.12,0.624994881,1,0.96292245388031
2020-09-30,3559.54,3540.989,-0.521079005,2,0.5522785186767578
2020-09-29,3583.76,3559.537,-0.675993362,2,0.5298599600791931
2020-09-23,3587.3,3577.294,-0.278845047,1,0.9353225827217102
2020-09-17,3582.25,3564.201,-0.503873123,0,0.7803425590197245
2020-09-15,3670.37,3667.417,-0.080346211,0,0.7480069398880005
2020-09-14,3672.23,3670.366,-0.050868218,2,0.6024792393048605
2020-09-10,3669.69,3664.438,-0.143118356,0,0.9143095016479492
2020-09-09,3671.7,3669.69,-0.054661373,0,0.6892135228429522
2020-09-03,3675.73,3650.683,-0.681361624,0,0.7972317337989807
2020-09-02,3679.74,3675.728,-0.109056588,2,0.8088834285736084
2020-08-31,3663.86,3679.368,0.423406494,2,0.5406842231750488
2020-08-28,3663.58,3663.855,0.007424426,1,0.6812000274658203
2020-08-27,3706.84,3663.583,-1.166977488,2,0.8285742600758871
2020-08-26,3709.66,3706.841,-0.075990792,0,0.6150508522987366
2020-08-25,3721.76,3709.66,-0.325141781,0,0.913105934858322
2020-08-24,3704.25,3721.761,0.472835767,0,0.6766213178634644
2020-08-21,3719.78,3704.246,-0.417578571,0,0.845395028591156
2020-08-19,3684.7,3679.398,-0.143838111,0,0.9290169179439544
2020-08-17,3690.68,3691.488,0.021947187,0,0.9478765726089478
2020-08-12,3784.61,3770.189,-0.380990581,2,0.805121898651123
2020-08-11,3752.57,3784.608,0.853815307,2,0.714347759882609
2020-08-10,3779.94,3752.568,-0.724191006,1,0.9322898983955384
2020-08-05,3844.77,3828.449,-0.424446937,1,0.9257407486438752
2020-08-04,3891.14,3844.768,-1.191656834,0,0.7118222713470459
2020-08-03,3909.43,3891.137,-0.468021714,2,0.9544951617717744
2020-07-31,3906.04,3909.434,0.086967942,1,0.8272126515706381
2020-07-30,3932.42,3906.037,-0.67078373,2,0.5367308259010315
2020-07-29,3947.66,3932.415,-0.386077206,2,0.9268249273300172
2020-07-28,3942.66,3947.656,0.126767272,1,0.8576812744140625
2020-07-27,3920.4,3942.658,0.567850799,1,0.9225956797599792
2020-07-24,3920.72,3920.396,-0.008161775,0,0.84647536277771
2020-07-23,3921.55,3920.716,-0.021343585,2,0.8938490450382233
2020-07-20,3942.7,3928.237,-0.366728756,1,0.5998942852020264
2020-07-17,3959.96,3942.696,-0.435838286,2,0.9522677958011628
2020-07-16,3962.14,3959.955,-0.055071291,0,0.8874218761920929
2020-07-15,3978.51,3962.137,-0.41158604,1,0.9505842725435892
2020-07-14,3956.44,3978.512,0.557926094,1,0.9670226573944092
2020-07-13,3973.88,3956.438,-0.438941176,0,0.5372692346572876
2020-07-07,4021.55,3987.793,-0.839452032,0,0.8917509317398071
2020-07-03,4040.23,4021.456,-0.464553336,1,0.9668229222297668
2020-07-02,4048.81,4040.225,-0.212037611,2,0.8579333424568176
2020-07-01,4052.67,4048.81,-0.095221199,2,0.7853272259235382
2020-06-30,4038.5,4052.669,0.350897784,2,0.8637445867061615
2020-06-26,4036.27,4038.498,0.055125112,2,0.9425380229949952
2020-06-25,4028.19,4036.273,0.200586218,1,0.7067697644233704
2020-06-24,3990.69,4028.193,0.939737003,2,0.9374641180038452
2020-06-23,4021.65,3990.691,-0.769907108,0,0.6224759817123413
2020-06-19,4019.55,4027.167,0.189424048,1,0.9662209153175354
2020-06-16,3997.34,4009.751,0.310381093,1,0.8002573251724243
2020-06-15,4023.46,3997.344,-0.649167148,1,0.8528394103050232
2020-06-10,4046.3,4026.406,-0.491536084,1,0.9039745728174844
2020-06-09,4051.65,4046.295,-0.132217673,2,0.695045992732048
2020-06-08,4037.63,4051.652,0.347332642,2,0.9260385036468506
2020-06-05,4041.74,4037.628,-0.101787793,1,0.966562032699585
2020-06-04,4048.28,4041.742,-0.161574673,0,0.8156544208526612
2020-06-03,3968.25,4048.283,2.01693645,2,0.9194095432758332
2020-06-02,3965.14,3968.246,0.078408388,2,0.7925290067990621
2020-06-01,3983.09,3965.137,-0.450805442,0,0.9088837305704752
2020-05-29,3975.75,3983.093,0.184619115,0,0.8704564571380615
2020-05-28,3916.61,3975.753,1.51018548,2,0.9385953545570374
2020-05-27,3856.83,3916.605,1.549900592,2,0.7106806039810181
2020-05-26,3849.02,3856.828,0.202934931,2,0.921267181634903
2020-05-25,3909.02,3849.017,-1.534988309,1,0.9739998579025269
2020-05-22,3940.08,3909.02,-0.788233326,2,0.7628476222356161
2020-05-21,3924.83,3940.077,0.388398691,1,0.9696650505065918
2020-05-20,3930.18,3924.833,-0.136024339,2,0.932174265384674
2020-05-19,3978.29,3930.179,-1.209239356,2,0.7757012248039246
2020-05-18,3962.43,3978.286,0.400259841,2,0.6854701638221741
2020-05-15,3994.07,3962.426,-0.792349063,1,0.8306311766306559
2020-05-14,4013.06,3994.073,-0.473155031,1,0.9681653082370758
2020-05-13,4026.73,4013.061,-0.339481331,2,0.9581736326217652
2020-05-12,4030.14,4026.731,-0.084587632,1,0.7694393172860146
2020-05-11,4058.22,4030.14,-0.692002386,0,0.9431118369102478
2020-05-07,4013.22,4033.363,0.502016338,1,0.96658194065094
2020-05-06,4036.55,4013.216,-0.578067905,2,0.7662558257579803
2020-05-05,3995.6,4036.55,1.024927933,1,0.9628670811653136
2020-05-04,4027.27,3995.598,-0.786463091,1,0.8972665667533875
2020-04-30,4027.61,4027.271,-0.008367249,0,0.9308813214302064
2020-04-29,4030.57,4027.608,-0.073438781,2,0.8758220314979553
2020-04-28,4029.28,4030.568,0.031966009,0,0.7411449909210205
2020-04-24,4002.76,4018.188,0.385333734,0,0.872011236846447
2020-04-23,4002.41,4002.764,0.00876971,2,0.9242656230926514
2020-04-22,3977.98,4002.413,0.614256791,0,0.8456124663352966
2020-04-21,3925.8,3977.978,1.329182329,2,0.927638053894043
2020-04-20,3942.15,3925.797,-0.414925444,0,0.6912055909633636
2020-04-17,3912.29,3942.154,0.763363852,2,0.8171126246452332
2020-04-16,3908.35,3912.289,0.100886667,0,0.8323727051417033
2020-04-15,3919.59,3908.346,-0.286943058,0,0.6039913445711136
2020-04-14,3798.04,3919.593,3.200495414,0,0.6730124950408936
2020-04-09,3768.3,3798.037,0.789135685,2,0.832649752497673
2020-04-08,3836.26,3768.3,-1.77151705,1,0.8644942343235016
2020-04-07,3829.98,3836.26,0.163864914,1,0.8746289610862732
2020-04-06,3849.12,3829.984,-0.497178447,1,0.8499460071325302
2020-04-03,3866.86,3849.121,-0.45869282,2,0.8217223584651947
2020-04-02,3861.74,3866.858,0.132453144,2,0.8324951767921448
2020-04-01,3795.73,3861.743,1.739218864,2,0.8086638569831848
2020-03-30,3853.94,3795.727,-1.510480184,0,0.8590947985649109
2020-03-27,3806.13,3853.94,1.25615816,2,0.8725889325141907
2020-03-26,3746.05,3806.129,1.603823121,2,0.8063545823097229
2020-03-25,3707.01,3746.049,1.053003846,2,0.8614818453788757
2020-03-24,3727.73,3707.014,-0.555806974,2,0.7039974927902222
2020-03-23,3866.57,3727.733,-3.590701837,1,0.7747838695844015
2020-03-18,4030.76,3939.966,-2.252625061,1,0.7785402983427048
2020-03-17,4141.62,4030.764,-2.676727776,1,0.9693184494972228
2020-03-16,4221.37,4141.624,-1.889009387,2,0.8997329473495483
2020-03-13,4365.89,4221.366,-3.310365142,2,0.6759564876556396
2020-03-12,4428.62,4365.893,-1.416489637,0,0.8338274459044138
2020-03-11,4420.89,4428.624,0.174851512,2,0.7305350502332052
2020-03-10,4498.19,4420.894,-1.71835821,2,0.8966560065746307
2020-03-09,4565.98,4498.189,-1.484676123,0,0.4702595174312591
2020-03-06,4567.89,4565.979,-0.041879274,2,0.7800688573292324
2020-03-05,4610.16,4567.892,-0.91680155,2,0.8409944176673889
2020-03-04,4611.64,4610.158,-0.032179428,2,0.940075933933258
2020-03-03,4599.24,4611.642,0.269762254,2,0.9151433308919272
2020-03-02,4629.57,4599.235,-0.655201522,0,0.7304225564002991
2020-02-28,4608.65,4629.568,0.453820238,2,0.6652644872665405
2020-02-27,4632.06,4608.653,-0.505261485,2,0.7765866788950834
2020-02-26,4633.82,4632.057,-0.037960074,0,0.7956772843996683
2020-02-25,4607.18,4633.816,0.578206568,1,0.9279957016309104
2020-02-24,4666.11,4607.177,-1.262894856,2,0.9020404070615768
2020-02-21,4641.35,4666.105,0.53329277,0,0.8120656371116638
2020-02-20,4620.58,4641.353,0.449510376,0,0.8859370946884155
2020-02-19,4699.76,4620.583,-1.684744887,2,0.8417719751596451
2020-02-18,4674.48,4699.762,0.540765569,0,0.9135361909866332
2020-02-14,4648.79,4664.255,0.332602463,0,0.7939200401306152
2020-02-13,4639.05,4648.793,0.210107854,0,0.7997383574644724
2020-02-12,4645.92,4639.046,-0.14797927,1,0.967111349105835
2020-02-11,4673.41,4645.921,-0.588242594,2,0.7305803894996643
2020-02-07,4648.28,4673.412,0.540759628,1,0.766309118270874
2020-02-06,4672.16,4648.276,-0.511240835,2,0.7754620015621185
2020-02-05,4680.08,4672.162,-0.169270466,0,0.7930645108222961
2020-02-04,4650.06,4680.084,0.645777308,2,0.8196240901947022
2020-02-03,4659.63,4650.055,-0.205381334,2,0.8561193645000458
2020-01-31,4645.57,4659.625,0.302567888,2,0.8153378665447235
2020-01-30,4645.15,4645.569,0.008977101,2,0.8859781523545583
2020-01-29,4634.73,4645.152,0.224953967,2,0.8709137290716171
2020-01-28,4653.27,4634.726,-0.398601071,1,0.7818410620093346
2020-01-27,4642.49,4653.274,0.232289138,0,0.7940511107444763
2020-01-24,4635.57,4642.49,0.14930206,2,0.8014796376228333
2020-01-23,4653.9,4635.569,-0.393799088,0,0.7335011959075928
2020-01-22,4667.94,4653.896,-0.30092484,0,0.6145370453596115
2020-01-21,4674.94,4667.943,-0.149713087,2,0.917337437470754
2020-01-17,4664.27,4671.011,0.144610106,0,0.7613963782787323
2020-01-16,4656.11,4664.266,0.175146168,2,0.8501670211553574
2020-01-15,4657.91,4656.111,-0.038622472,2,0.7576640725135804
2020-01-14,4648.67,4657.91,0.198766529,0,0.6284028068184853
2020-01-13,4657.99,4648.67,-0.199979176,2,0.8667715191841125
2020-01-10,4649.75,4657.985,0.177041662,2,0.7413710877299309
2020-01-09,4675.36,4649.753,-0.547679868,2,0.7359211146831512
2020-01-08,4666.7,4675.359,0.18548427,2,0.7920774102210999
2020-01-07,4679.64,4666.703,-0.27649551,0,0.7196047455072403
2020-01-06,4672.86,4679.642,0.145178818,0,0.9115538895130156
2020-01-03,4714.17,4672.858,-0.876231528,2,0.909920871257782
2019-12-30,4612.34,4714.165,2.207731135,2,0.945199966430664
2019-12-27,4587.32,4612.337,0.545416853,2,0.9463884234428406
2019-12-19,4601.06,4642.305,0.896511583,2,0.7489522475945322
2019-12-18,4605.64,4601.056,-0.099573523,2,0.8602529317140579
2019-12-17,4608.57,4605.642,-0.063598862,0,0.8140820860862732
2019-12-16,4618.23,4608.573,-0.20906287,2,0.6653963327407837
2019-12-12,4612.18,4618.228,0.131044208,2,0.9491347670555116
2019-12-11,4616.22,4612.184,-0.087517417,2,0.9368689060211182
2019-12-10,4605.02,4616.224,0.243365008,2,0.7476452887058258
2019-12-09,4619.42,4605.017,-0.311727649,2,0.6291455030441284
2019-12-06,4649.56,4619.417,-0.648340639,1,0.9717254042625428
2019-12-05,4678.56,4649.562,-0.619699886,2,0.7378722152539662
2019-12-03,4727.13,4702.881,-0.513059287,2,0.7316449880599976
2019-11-28,4750.07,4742.086,-0.168060717,0,0.8317905478179455
2019-11-26,4774.42,4760.032,-0.301376858,1,0.8534701764583588
2019-11-25,4766.1,4774.421,0.174629225,1,0.9347437620162964
2019-11-22,4774.6,4766.098,-0.178025459,2,0.792796718446832
2019-11-21,4792.27,4774.598,-0.368802105,2,0.8403263886769613
2019-11-20,4812.73,4792.272,-0.425060293,2,0.8483650088310242
2019-11-19,4842.68,4812.729,-0.618397762,0,0.8405591448148092
2019-11-18,4830.08,4842.676,0.260865461,2,0.9240817427635192
2019-11-15,4834.56,4830.076,-0.092645549,2,0.7940701792637507
2019-11-13,4822.05,4828.895,0.141931307,2,0.8701355655988058
2019-11-12,4827.35,4822.051,-0.109770371,0,0.817305306593577
2019-11-11,4839.28,4827.35,-0.246462436,2,0.7493281364440918
2019-11-08,4845.43,4839.277,-0.127068081,2,0.7909052908420563
2019-11-07,4832.72,4845.434,0.263060913,0,0.8693698644638062
2019-11-06,4826.09,4832.721,0.137482009,2,0.9487534165382384
2019-11-05,4815.8,4826.086,0.213630223,2,0.9189256727695464
2019-11-04,4814.17,4815.798,0.033858395,2,0.9322064220905304
2019-10-31,4827.66,4835.523,0.162811696,0,0.7817422267463472
2019-10-30,4830.47,4827.663,-0.058130977,0,0.7192850038409233
2019-10-25,4825.64,4843.094,0.361713754,0,0.8473821580410004
2019-10-24,4789.0,4825.639,0.765023694,0,0.7837307309282238
2019-10-23,4795.54,4789.002,-0.136314187,2,0.9349054098129272
2019-10-22,4772.68,4795.539,0.479018379,2,0.8008548021316528
2019-10-18,4780.43,4772.798,-0.159567369,2,0.9417250752449036
2019-10-17,4761.64,4780.426,0.394633356,0,0.7767039080460866
2019-10-16,4793.38,4761.635,-0.662267544,0,0.7727964520454407
2019-10-15,4821.53,4793.38,-0.583798331,0,0.730116093158722
2019-10-14,4857.62,4821.528,-0.743079333,2,0.9442960619926452
2019-10-11,4859.06,4857.624,-0.029594189,0,0.6707682609558105
2019-10-10,4828.74,4859.062,0.627990171,0,0.7439384648674413
2019-10-09,4854.87,4828.738,-0.538325101,0,0.9503450989723206
2019-10-07,4862.1,4872.831,0.220624651,0,0.8249260783195496
2019-10-04,4845.66,4862.104,0.33933451,2,0.8205956866343816
2019-10-03,4841.23,4845.661,0.091443628,1,0.8719597458839417
2019-10-02,4881.75,4841.234,-0.829887333,1,0.9670366644859314
2019-10-01,4912.45,4881.747,-0.625044275,2,0.7198186616102854
2019-09-30,4895.88,4912.452,0.3384477,2,0.8368930816650391
2019-09-27,4895.66,4895.882,0.00459591,0,0.9429706732432048
2019-09-26,4910.97,4895.657,-0.311791828,2,0.8305325720991407
2019-09-25,4900.98,4910.969,0.203857271,2,0.8675962686538696
2019-09-24,4885.38,4900.978,0.319217552,0,0.6851540605227152
2019-09-23,4834.08,4885.383,1.061340148,1,0.8794706463813782
2019-09-20,4830.95,4834.077,0.064645617,1,0.7793556253115336
2019-09-19,4858.69,4830.954,-0.570853461,0,0.8195047657936811
2019-09-18,4846.63,4858.69,0.248915431,1,0.5655211210250854
2019-09-17,4845.35,4846.626,0.026417102,2,0.731066624323527
2019-09-16,4862.24,4845.346,-0.347432531,1,0.8845463395118713
2019-09-13,4880.85,4862.239,-0.381265714,0,0.6778616458177567
2019-09-12,4839.81,4880.848,0.847863337,0,0.7146653797891405
2019-09-11,4820.04,4839.813,0.410287307,2,0.939957320690155
2019-09-09,4825.43,4836.388,0.2270678,2,0.9388000965118408
2019-09-06,4824.9,4825.431,0.010984681,2,0.9338255524635316
2019-09-05,4799.46,4824.901,0.530038575,2,0.9441187977790833
2019-09-04,4788.57,4799.462,0.227562955,0,0.7702167332172394
2019-09-03,4739.69,4788.565,1.031228216,2,0.820191890001297
2019-09-02,4797.82,4739.688,-1.211551256,0,0.6372735500335693
2019-08-30,4804.2,4797.816,-0.132883727,2,0.9349042773246764
2019-08-29,4811.38,4804.2,-0.149167276,0,0.7674027442932129
2019-08-28,4810.36,4811.377,0.021245833,1,0.8278195559978485
2019-08-27,4790.31,4810.355,0.418365059,0,0.8036407430966696
2019-08-26,4794.06,4790.314,-0.078138363,2,0.8972374200820923
2019-08-23,4759.72,4794.06,0.721576817,1,0.9602688550949096
2019-08-22,4767.87,4759.715,-0.171061675,2,0.7635177930196126
2019-08-21,4744.06,4767.871,0.501827125,0,0.8335056219782148
2019-08-20,4787.15,4744.064,-0.900117272,2,0.9441267848014832
2019-08-19,4817.56,4787.154,-0.631170005,2,0.944100558757782
2019-08-16,4810.86,4817.561,0.139289025,2,0.9444177150726318
2019-08-14,4798.86,4810.86,0.250080279,1,0.9698433876037598
2019-08-13,4817.87,4798.859,-0.394531439,2,0.8913763165473938
2019-08-12,4849.53,4817.867,-0.652888146,2,0.9447179436683656
2019-08-09,4815.61,4849.529,0.704376124,2,0.9282195568084716
2019-08-08,4858.03,4815.609,-0.873275254,2,0.7746281504631043
2019-08-07,4839.51,4858.033,0.382786845,0,0.8822126150131225
2019-08-06,4842.3,4839.508,-0.057575993,2,0.9500501155853271
2019-08-05,4825.49,4842.296,0.348254716,1,0.962346374988556
2019-08-02,4830.82,4825.491,-0.110291857,1,0.9734163284301758
2019-08-01,4847.35,4830.819,-0.341093376,0,0.7699556105277118
2019-07-31,4835.93,4847.353,0.236314666,0,0.9082604050636292
2019-07-29,4852.97,4830.616,-0.46056361,2,0.8323568105697632
2019-07-26,4830.97,4852.967,0.455312193,2,0.819850355386734
2019-07-25,4822.53,4830.971,0.175136469,0,0.7870618844032288
2019-07-24,4823.95,4822.525,-0.02949866,0,0.9258827169736228
2019-07-23,4827.47,4823.948,-0.07297817,2,0.9176856875419616
2019-07-19,4820.24,4807.059,-0.273492493,0,0.6338390707969666
2019-07-18,4787.47,4820.242,0.684600019,2,0.7555031842655606
2019-07-17,4799.19,4787.467,-0.244166457,2,0.8063593506813049
2019-07-16,4777.03,4799.185,0.46380292,2,0.8269033091408866
2019-07-15,4775.64,4777.029,0.02902227,0,0.8642686456441879
2019-07-12,4824.17,4775.643,-1.005811368,2,0.7406063079833984
2019-07-11,4822.21,4824.165,0.040645306,2,0.7555360992749532
2019-07-10,4814.58,4822.205,0.158352305,0,0.7767496109008789
2019-07-09,4789.48,4814.581,0.524170076,0,0.8331339094373915
2019-07-08,4821.75,4789.476,-0.669259642,0,0.894296258687973
2019-07-05,4818.02,4821.746,0.077417759,1,0.8956336975097656
2019-07-04,4810.85,4818.016,0.148913332,2,0.8307221929232279
2019-07-03,4804.1,4810.852,0.140650841,1,0.9639483094215392
2019-07-02,4809.53,4804.095,-0.113067111,1,0.6304200291633606
2019-06-28,4823.3,4812.241,-0.229220801,0,0.8013652563095093
2019-06-27,4820.2,4823.297,0.064167409,2,0.8057634631792704
2019-06-26,4856.6,4820.204,-0.749474478,1,0.9544564485549928
2019-06-25,4866.34,4856.603,-0.200088773,0,0.8222526411215464
2019-06-24,4870.76,4866.34,-0.090807128,0,0.8077198266983032
2019-06-21,4858.24,4870.763,0.257747609,2,0.8872011303901672
2019-06-20,4844.41,4858.241,0.285545726,0,0.6012225151062012
2019-06-19,4883.88,4844.408,-0.808128626,0,0.5015601366758347
2019-06-18,4889.67,4883.876,-0.118392569,2,0.9498072266578674
2019-06-17,4874.38,4889.665,0.313660661,2,0.9047492444515228
2019-06-14,4827.87,4874.376,0.963198294,2,0.797120213508606
2019-06-13,4825.05,4827.874,0.058486416,2,0.7837085073644464
2019-06-12,4819.22,4825.052,0.121036209,1,0.9636828899383544
2019-06-11,4820.2,4819.219,-0.020331111,0,0.7489961300577436
2019-06-10,4813.85,4820.199,0.131848673,2,0.7121587097644806
2019-06-06,4826.29,4813.852,-0.257734148,0,0.7612365354662356
2019-06-05,4820.48,4826.291,0.120527391,0,0.9190034717321396
2019-06-04,4817.62,4820.481,0.059323862,1,0.9645418524742126
2019-06-03,4820.17,4817.623,-0.052757519,1,0.9644396305084229
2019-05-31,4842.26,4820.166,-0.456315664,1,0.5934290289878845
2019-05-30,4837.69,4842.262,0.094569988,0,0.7854221525945162
2019-05-29,4836.08,4837.687,0.033229392,0,0.8984393775463104
2019-05-28,4819.62,4836.08,0.341520701,2,0.9244002401828766
2019-05-27,4855.26,4819.62,-0.734008368,0,0.846532940864563
2019-05-24,4837.9,4855.258,0.358875015,0,0.5134866833686829
2019-05-23,4869.49,4837.896,-0.648733768,2,0.7975662112236023
2019-05-22,4777.71,4869.486,1.921026937,2,0.9494367837905884
2019-05-21,4762.79,4777.705,0.313072537,1,0.9647951126098632
2019-05-20,4749.12,4762.794,0.287969261,1,0.9644874930381776
2019-05-17,4764.87,4749.118,-0.330627979,0,0.8691412806510925
2019-05-16,4744.32,4764.872,0.43319169,2,0.7917294104894003
2019-05-15,4745.99,4744.32,-0.035166537,2,0.9544611275196077
2019-05-13,4753.36,4740.649,-0.267473786,2,0.8419872522354126
2019-05-10,4758.17,4753.363,-0.100963249,1,0.9256097972393036
2019-05-09,4747.43,4758.167,0.226227807,2,0.7522105984389782
2019-05-08,4791.85,4747.427,-0.927115252,0,0.9305697679519652
2019-05-07,4770.4,4791.853,0.449816001,0,0.8113996505737304
2019-05-06,4783.05,4770.395,-0.264538428,2,0.7120897173881531
2019-05-03,4760.54,4783.048,0.472803505,1,0.9704956412315368
2019-05-02,4715.45,4760.54,0.956239798,0,0.7841328219933943
2019-04-30,4705.55,4715.449,0.210283423,2,0.7675803502400717
2019-04-29,4704.84,4705.554,0.015218377,2,0.9477291107177734
2019-04-26,4688.12,4704.838,0.35653928,1,0.7997276484966278
2019-04-25,4725.73,4688.123,-0.795792396,2,0.9430167078971864
2019-04-24,4710.92,4725.73,0.314397255,2,0.9406370520591736
2019-04-23,4720.44,4710.919,-0.201612732,2,0.7096986472606659
2019-04-18,4729.67,4720.436,-0.195277812,1,0.8359338939189911
2019-04-17,4692.3,4729.672,0.796518208,2,0.9323402345180511
2019-04-16,4692.07,4692.297,0.004774009,1,0.97358238697052
2019-04-15,4683.62,4692.073,0.180522835,2,0.8855915069580078
2019-04-12,4692.26,4683.618,-0.184260732,2,0.941327691078186
2019-04-11,4670.74,4692.264,0.460740302,2,0.6959926187992096
2019-04-10,4671.98,4670.744,-0.02649839,1,0.8728289206822714
2019-04-09,4685.92,4671.982,-0.29750809,1,0.941443920135498
2019-04-08,4714.24,4685.923,-0.600732716,2,0.5755703449249268
2019-04-05,4719.15,4714.243,-0.103938253,0,0.8698302805423737
2019-04-04,4719.03,4719.148,0.002500514,2,0.8582100187029157
2019-04-03,4709.98,4719.03,0.1920601,1,0.9662073254585266
2019-04-02,4711.58,4709.984,-0.033767901,2,0.9501689076423644
2019-04-01,4709.21,4711.575,0.050326966,2,0.8807103633880615
2019-03-29,4762.18,4709.205,-1.112348407,2,0.945551872253418
2019-03-28,4745.89,4762.177,0.343138866,2,0.8499564064873589
2019-03-27,4763.68,4745.892,-0.373429707,0,0.9190108776092528
2019-03-26,4761.84,4763.681,0.038640517,2,0.787778377532959
2019-03-25,4733.38,4761.841,0.601240297,1,0.9703398942947388
2019-03-22,4715.01,4733.382,0.389606644,1,0.969592273235321
2019-03-21,4742.22,4715.012,-0.573697793,2,0.7863898641533322
2019-03-20,4735.07,4742.218,0.150937547,2,0.7744921147823334
2019-03-18,4691.12,4735.071,0.936811732,2,0.9354069828987122
2019-03-15,4642.58,4691.124,1.045712553,0,0.9039268891016642
2019-03-14,4668.06,4642.576,-0.545901412,2,0.7444545115743365
2019-03-13,4666.13,4668.059,0.041404788,2,0.8920347094535828
2019-03-12,4671.02,4666.127,-0.104688123,2,0.7456238567829132
2019-03-08,4583.21,4594.494,0.246202989,0,0.8103344440460205
2019-03-07,4568.28,4583.21,0.32686277,0,0.8440748953819275
2019-03-06,4554.5,4568.278,0.302602088,2,0.7823618650436401
2019-03-05,4545.41,4554.496,0.199827826,1,0.9303371906280518
2019-03-04,4531.2,4545.413,0.313603253,2,0.9365792870521544
2019-03-01,4523.59,4531.203,0.168361966,1,0.97258859872818
2019-02-28,4491.49,4523.587,0.714618089,2,0.9476797580718994
2019-02-27,4488.1,4491.49,0.075533076,2,0.8820533752441406
2019-02-26,4479.91,4488.1,0.182749085,0,0.8242666721343994
