Date,Open,Close,Change
2025-01-10,3761.549,3736.886,-0.66
2025-01-09,3765.163,3761.777,-0.09
2025-01-08,3754.514,3765.056,0.28
2025-01-07,3706.556,3754.615,1.28
2025-01-06,3757.429,3707.014,-1.36
2025-01-03,3766.594,3757.951,-0.23
2024-12-30,3753.896,3766.703,0.34
2024-12-27,3767.262,3754.123,-0.35
2024-12-23,3748.691,3767.15,0.49
2024-12-20,3708.102,3748.966,1.09
2024-12-19,3780.106,3708.531,-1.93
2024-12-18,3774.744,3781.551,0.18
2024-12-17,3765.082,3774.897,0.26
2024-12-16,3748.220,3765.163,0.45
2024-12-12,3744.519,3748.267,0.1
2024-12-11,3749.319,3744.451,-0.13
2024-12-10,3735.431,3749.303,0.37
2024-12-09,3752.791,3735.607,-0.46
2024-12-06,3782.755,3752.733,-0.8
2024-12-05,3785.848,3782.822,-0.08
2024-12-04,3788.510,3785.86,-0.07
2024-12-03,3780.565,3788.521,0.21
2024-12-02,3789.049,3780.731,-0.22
2024-11-29,3762.272,3789.175,0.71
2024-11-28,3785.803,3762.476,-0.62
2024-11-27,3780.470,3785.77,0.14
2024-11-26,3781.675,3780.541,-0.03
2024-11-25,3793.171,3781.826,-0.3
2024-11-22,3786.616,3793.064,0.17
2024-11-21,3789.366,3786.715,-0.07
2024-11-20,3794.884,3789.2,-0.15
2024-11-19,3794.100,3794.859,0.02
2024-11-18,3808.248,3794.209,-0.37
2024-11-15,3797.826,3808.49,0.28
2024-11-14,3809.063,3797.67,-0.3
2024-11-13,3826.467,3808.946,-0.46
2024-11-12,3826.340,3826.723,0.01
2024-11-11,3850.761,3826.273,-0.64
2024-11-08,3851.103,3851.103,0
2024-11-07,3852.592,3851.052,-0.04
2024-11-06,3860.750,3852.659,-0.21
2024-11-05,3862.186,3860.642,-0.04
2024-11-04,3856.128,3862.308,0.16
2024-11-01,3845.520,3856.318,0.28
2024-10-31,3827.079,3845.538,0.48
2024-10-30,3827.523,3827.14,-0.01
2024-10-29,3814.595,3827.609,0.34
2024-10-28,3825.211,3814.53,-0.28
2024-10-25,3828.031,3825.353,-0.07
2024-10-24,3825.004,3828.066,0.08
2024-10-23,3812.428,3825.051,0.33
2024-10-22,3770.503,3812.44,1.1
2024-10-21,3778.036,3770.871,-0.19
2024-10-18,3799.255,3778.098,-0.56
2024-10-17,3796.570,3799.229,0.07
2024-10-16,3815.834,3796.472,-0.51
2024-10-15,3780.311,3815.798,0.93
2024-10-14,3771.674,3780.748,0.24
2024-10-11,3780.725,3771.673,-0.24
2024-10-10,3772.126,3780.822,0.23
2024-10-09,3766.039,3772.074,0.16
2024-10-08,3777.028,3766.106,-0.29
2024-10-07,3764.181,3777.023,0.34
2024-10-04,3766.795,3764.16,-0.07
2024-10-03,3776.790,3766.62,-0.27
2024-10-02,3768.361,3776.67,0.22
2024-10-01,3790.328,3768.471,-0.58
2024-09-30,3769.958,3790.426,0.54
2024-09-27,3765.303,3770.204,0.13
2024-09-26,3762.911,3765.17,0.06
2024-09-25,3789.617,3762.9,-0.71
2024-09-24,3799.695,3789.841,-0.26
2024-09-23,3787.273,3799.812,0.33
2024-09-20,3795.350,3787.396,-0.21
2024-09-19,3795.669,3795.289,-0.01
2024-09-18,3793.118,3795.775,0.07
2024-09-17,3796.468,3793.054,-0.09
2024-09-16,3795.175,3796.314,0.03
2024-09-13,3796.118,3795.359,-0.02
2024-09-12,3738.450,3796.151,1.52
2024-09-11,3789.035,3739.302,-1.33
2024-09-10,3799.705,3789.851,-0.26
2024-09-09,3785.503,3799.561,0.37
2024-09-06,3768.728,3785.384,0.44
2024-09-05,3760.674,3768.966,0.22
2024-09-04,3848.371,3760.746,-2.33
2024-09-03,3862.591,3850.654,-0.31
2024-09-02,3835.501,3862.539,0.7
2024-08-30,3817.987,3835.631,0.46
2024-08-29,3860.157,3818.157,-1.1
2024-08-28,3877.717,3860.73,-0.44
2024-08-27,3859.072,3877.685,0.48
2024-08-26,3862.493,3859.02,-0.09
2024-08-23,3835.203,3862.628,0.71
2024-08-22,3858.493,3835.48,-0.6
2024-08-21,3876.741,3858.606,-0.47
2024-08-20,3867.460,3876.764,0.24
2024-08-19,3882.010,3867.314,-0.38
2024-08-16,3873.660,3882.201,0.22
2024-08-14,3875.392,3873.842,-0.04
2024-08-13,3865.724,3875.413,0.25
2024-08-12,3848.325,3865.721,0.45
2024-08-09,3829.460,3848.317,0.49
2024-08-08,3816.494,3829.514,0.34
2024-08-07,3809.276,3816.527,0.19
2024-08-06,3815.012,3809.298,-0.15
2024-08-05,3837.307,3815.179,-0.58
2024-08-02,3807.811,3837.359,0.77
2024-08-01,3766.883,3808.009,1.08
2024-07-31,3763.942,3767.333,0.09
2024-07-30,3762.712,3763.841,0.03
2024-07-29,3722.064,3762.701,1.08
2024-07-26,3722.460,3722.46,0
2024-07-25,3707.641,3722.531,0.4
2024-07-24,3719.997,3707.761,-0.33
2024-07-23,3692.932,3720.089,0.73
2024-07-22,3688.190,3692.991,0.13
2024-07-19,3700.482,3688.311,-0.33
2024-07-18,3694.032,3700.693,0.18
2024-07-17,3693.089,3694.197,0.03
2024-07-16,3683.821,3693.054,0.25
2024-07-15,3706.161,3683.69,-0.61
2024-07-12,3715.381,3706.116,-0.25
2024-07-11,3704.288,3715.434,0.3
2024-07-10,3700.308,3704.383,0.11
2024-07-09,3706.193,3700.273,-0.16
2024-07-08,3727.138,3706.382,-0.56
2024-07-05,3743.450,3727.422,-0.43
2024-07-04,3734.335,3743.694,0.25
2024-07-03,3740.352,3734.377,-0.16
2024-07-02,3751.590,3740.369,-0.3
2024-07-01,3730.061,3751.444,0.57
2024-06-28,3717.915,3730.225,0.33
2024-06-27,3724.596,3717.904,-0.18
2024-06-26,3717.256,3724.705,0.2
2024-06-25,3722.228,3717.395,-0.13
2024-06-24,3735.062,3722.406,-0.34
2024-06-21,3745.036,3734.952,-0.27
2024-06-20,3728.204,3745.057,0.45
2024-06-19,3729.271,3728.153,-0.03
2024-06-18,3742.129,3729.449,-0.34
2024-06-17,3706.840,3742.015,0.94
2024-06-14,3718.452,3707.33,-0.3
2024-06-13,3727.209,3718.656,-0.23
2024-06-12,3712.979,3727.142,0.38
2024-06-11,3716.879,3713.166,-0.1
2024-06-10,3702.395,3716.891,0.39
2024-06-06,3701.052,3702.533,0.04
2024-06-05,3708.799,3701.027,-0.21
2024-06-04,3706.034,3709.001,0.08
2024-06-03,3712.282,3705.982,-0.17
2024-05-31,3694.479,3712.298,0.48
2024-05-30,3695.333,3694.594,-0.02
2024-05-29,3692.918,3695.505,0.07
2024-05-28,3698.813,3692.904,-0.16
2024-05-27,3693.967,3698.775,0.13
2024-05-24,3719.374,3693.886,-0.69
2024-05-23,3751.758,3719.399,-0.87
2024-05-22,3757.329,3752.076,-0.14
2024-05-21,3738.168,3757.33,0.51
2024-05-20,3758.700,3738.14,-0.55
2024-05-17,3743.717,3758.752,0.4
2024-05-16,3745.557,3743.685,-0.05
2024-05-15,3755.033,3745.669,-0.25
2024-05-14,3765.244,3755.105,-0.27
2024-05-13,3799.139,3765.252,-0.9
2024-05-10,3743.290,3799.523,1.48
2024-05-09,3724.703,3744.173,0.52
2024-05-08,3793.341,3724.805,-1.84
2024-05-07,3785.239,3794.726,0.25
2024-05-06,3796.329,3785.351,-0.29
2024-05-03,3778.124,3796.346,0.48
2024-05-02,3766.438,3778.15,0.31
2024-04-30,3742.849,3766.578,0.63
2024-04-29,3783.374,3742.95,-1.08
2024-04-26,3788.427,3783.886,-0.12
2024-04-25,3770.884,3788.31,0.46
2024-04-24,3769.727,3770.858,0.03
2024-04-23,3732.227,3769.546,0.99
2024-04-22,3736.218,3732.486,-0.1
2024-04-19,3742.527,3736.176,-0.17
2024-04-18,3730.962,3742.564,0.31
2024-04-17,3734.954,3730.85,-0.11
2024-04-16,3735.862,3735.115,-0.02
2024-04-15,3743.999,3735.78,-0.22
2024-04-12,3745.927,3744.055,-0.05
2024-04-11,3770.764,3746.04,-0.66
2024-04-10,3745.059,3771.079,0.69
2024-04-09,3713.024,3745.233,0.86
2024-04-08,3739.970,3713.235,-0.72
2024-04-05,3770.650,3739.982,-0.82
2024-04-04,3782.178,3770.865,-0.3
2024-04-03,3774.845,3782.031,0.19
2024-04-02,3785.449,3774.879,-0.28
2024-03-28,3781.022,3785.565,0.12
2024-03-27,3782.551,3781.039,-0.04
2024-03-26,3785.087,3782.439,-0.07
2024-03-25,3752.582,3785.134,0.86
2024-03-22,3752.274,3753.025,0.02
2024-03-21,3783.565,3752.42,-0.83
2024-03-20,3780.407,3783.812,0.09
2024-03-18,3787.544,3780.361,-0.19
2024-03-15,3789.896,3787.623,-0.06
2024-03-14,3765.089,3789.722,0.65
2024-03-13,3805.826,3765.162,-1.08
2024-03-12,3833.342,3806.317,-0.71
2024-03-11,3819.899,3833.7,0.36
2024-03-08,3822.478,3819.804,-0.07
2024-03-07,3825.427,3822.369,-0.08
2024-03-06,3865.327,3825.541,-1.04
2024-03-05,3862.956,3865.662,0.07
2024-03-04,3847.626,3863.078,0.4
2024-03-01,3816.766,3847.546,0.8
2024-02-29,3798.238,3816.941,0.49
2024-02-28,3773.658,3798.347,0.65
2024-02-27,3774.285,3773.908,-0.01
2024-02-26,3780.137,3774.098,-0.16
2024-02-23,3771.404,3780.098,0.23
2024-02-22,3758.846,3771.291,0.33
2024-02-21,3744.493,3758.776,0.38
2024-02-20,3742.120,3744.367,0.06
2024-02-19,3750.331,3742.098,-0.22
2024-02-16,3787.051,3750.298,-0.98
2024-02-15,3765.537,3787.505,0.58
2024-02-14,3778.695,3765.516,-0.35
2024-02-13,3767.527,3778.864,0.3
2024-02-12,3751.414,3767.615,0.43
2024-02-09,3744.454,3751.582,0.19
2024-02-08,3737.344,3744.458,0.19
2024-02-07,3743.872,3737.518,-0.17
2024-02-06,3762.062,3743.718,-0.49
2024-02-05,3774.621,3762.206,-0.33
2024-02-02,3771.204,3774.601,0.09
2024-02-01,3770.171,3771.302,0.03
2024-01-31,3755.432,3770.136,0.39
2024-01-30,3768.404,3755.635,-0.34
2024-01-29,3756.000,3768.436,0.33
2024-01-26,3738.851,3756.129,0.46
2024-01-25,3768.607,3739.068,-0.79
2024-01-24,3775.879,3768.718,-0.19
2024-01-23,3762.163,3775.756,0.36
2024-01-22,3794.045,3762.067,-0.85
2024-01-19,3801.331,3794.501,-0.18
2024-01-18,3787.679,3801.364,0.36
2024-01-17,3787.044,3787.802,0.02
2024-01-16,3758.953,3786.977,0.74
2024-01-15,3835.112,3759.177,-2.02
2024-01-12,3854.934,3836.519,-0.48
2024-01-11,3813.022,3855.042,1.09
2024-01-10,3832.743,3813.295,-0.51
2024-01-09,3846.429,3833.013,-0.35
2024-01-08,3889.070,3846.375,-1.11
2024-01-05,3895.756,3889.533,-0.16
2024-01-04,3893.137,3895.864,0.07
2024-01-03,3958.183,3893.167,-1.67
2023-12-29,3858.027,3959.387,2.56
2023-12-28,3859.650,3860.422,0.02
2023-12-27,3786.852,3859.802,1.89
2023-12-22,3826.748,3788.109,-1.02
2023-12-21,3691.931,3827.025,3.53
2023-12-20,3699.159,3696.571,-0.07
2023-12-19,3673.847,3699,0.68
2023-12-18,3665.319,3674.137,0.24
2023-12-15,3672.581,3665.25,-0.2
2023-12-14,3665.223,3672.568,0.2
2023-12-12,3647.729,3665.323,0.48
2023-12-11,3672.105,3647.666,-0.67
2023-12-07,3677.627,3672.119,-0.15
2023-12-06,3670.765,3677.753,0.19
2023-12-05,3681.809,3670.797,-0.3
2023-12-04,3714.741,3681.971,-0.89
2023-12-01,3718.540,3715.196,-0.09
2023-11-30,3664.182,3718.472,1.46
2023-11-29,3652.481,3664.942,0.34
2023-11-28,3629.298,3652.675,0.64
2023-11-27,3614.665,3629.546,0.41
2023-11-24,3579.823,3614.887,0.97
2023-11-23,3559.415,3580.18,0.58
2023-11-22,3578.464,3559.598,-0.53
2023-11-21,3566.185,3578.71,0.35
2023-11-20,3579.583,3566.387,-0.37
2023-11-17,3568.488,3579.585,0.31
2023-11-16,3578.451,3568.459,-0.28
2023-11-15,3569.244,3578.548,0.26
2023-11-14,3579.891,3569.183,-0.3
2023-11-13,3616.932,3580.057,-1.03
2023-11-10,3615.472,3617.281,0.05
2023-11-09,3617.412,3615.604,-0.05
2023-11-08,3609.159,3617.479,0.23
2023-11-07,3626.494,3609.17,-0.48
2023-11-06,3611.539,3626.407,0.41
2023-11-03,3610.652,3611.736,0.03
2023-11-02,3604.524,3610.662,0.17
2023-11-01,3618.276,3604.579,-0.38
2023-10-31,3597.905,3618.167,0.56
2023-10-30,3600.807,3597.929,-0.08
2023-10-27,3598.691,3600.852,0.06
2023-10-26,3590.012,3598.649,0.24
2023-10-25,3598.038,3590.14,-0.22
2023-10-24,3597.934,3597.934,0
2023-10-23,3608.368,3597.934,-0.29
2023-10-20,3598.955,3608.337,0.26
2023-10-19,3598.509,3598.869,0.01
2023-10-18,3596.552,3598.351,0.05
2023-10-17,3635.824,3596.621,-1.09
2023-10-16,3647.012,3636.104,-0.3
2023-10-13,3637.649,3647.132,0.26
2023-10-12,3635.536,3637.719,0.06
2023-10-11,3610.435,3635.52,0.69
2023-10-10,3617.970,3610.749,-0.2
2023-10-09,3627.849,3618.08,-0.27
2023-10-06,3683.867,3627.996,-1.54
2023-10-05,3676.680,3684.787,0.22
2023-10-04,3675.474,3676.577,0.03
2023-10-03,3673.408,3675.613,0.06
2023-10-02,3691.608,3673.242,-0.5
2023-09-29,3683.355,3691.846,0.23
2023-09-28,3702.229,3683.443,-0.51
2023-09-27,3661.103,3702.197,1.11
2023-09-26,3687.330,3661.698,-0.7
2023-09-25,3684.147,3687.466,0.09
2023-09-22,3692.244,3684.139,-0.22
2023-09-20,3696.298,3692.237,-0.11
2023-09-19,3676.191,3696.15,0.54
2023-09-18,3697.152,3676.198,-0.57
2023-09-15,3695.432,3697.281,0.05
2023-09-14,3704.899,3695.291,-0.26
2023-09-13,3765.126,3705.103,-1.62
2023-09-12,3737.440,3766.062,0.76
2023-09-11,3722.834,3737.785,0.4
2023-09-07,3724.635,3722.774,-0.05
2023-09-06,3726.963,3724.728,-0.06
2023-09-05,3738.784,3726.858,-0.32
2023-09-04,3750.237,3738.647,-0.31
2023-09-01,3742.201,3750.452,0.22
2023-08-31,3724.527,3742.115,0.47
2023-08-30,3724.455,3724.455,0
2023-08-29,3727.257,3724.278,-0.08
2023-08-28,3742.580,3727.298,-0.41
2023-08-25,3750.859,3742.625,-0.22
2023-08-24,3751.238,3750.863,-0.01
2023-08-23,3755.842,3751.34,-0.12
2023-08-22,3779.473,3755.811,-0.63
2023-08-21,3798.518,3779.62,-0.5
2023-08-18,3803.620,3798.682,-0.13
2023-08-17,3805.682,3803.78,-0.05
2023-08-16,3824.425,3805.777,-0.49
2023-08-14,3833.976,3824.415,-0.25
2023-08-11,3829.637,3833.854,0.11
2023-08-10,3833.095,3829.648,-0.09
2023-08-09,3840.766,3833.1,-0.2
2023-08-08,3855.577,3840.599,-0.39
2023-08-07,3868.801,3855.692,-0.34
2023-08-04,3853.935,3869.024,0.39
2023-08-03,3836.612,3853.955,0.45
2023-08-02,3829.151,3836.825,0.2
2023-08-01,3790.152,3829.21,1.02
2023-07-31,3802.386,3790.635,-0.31
2023-07-28,3785.742,3802.473,0.44
2023-07-27,3780.164,3785.843,0.15
2023-07-26,3763.520,3780.153,0.44
2023-07-25,3758.939,3763.455,0.12
2023-07-24,3791.248,3758.921,-0.86
2023-07-21,3778.504,3791.395,0.34
2023-07-20,3769.339,3778.407,0.24
2023-07-19,3787.684,3769.215,-0.49
2023-07-18,3776.368,3787.731,0.3
2023-07-17,3739.485,3776.495,0.98
2023-07-14,3741.653,3739.783,-0.05
2023-07-13,3760.902,3741.819,-0.51
2023-07-12,3775.304,3761.012,-0.38
2023-07-11,3773.500,3775.388,0.05
2023-07-10,3771.824,3773.333,0.04
2023-07-07,3760.749,3771.687,0.29
2023-07-06,3751.905,3760.931,0.24
2023-07-05,3740.376,3752.007,0.31
2023-07-04,3754.247,3740.407,-0.37
2023-07-03,3749.448,3754.329,0.13
2023-06-30,3742.801,3749.55,0.18
2023-06-28,3739.125,3742.868,0.1
2023-06-27,3736.073,3739.064,0.08
2023-06-26,3693.438,3736.029,1.14
2023-06-23,3711.159,3693.798,-0.47
2023-06-22,3716.807,3711.24,-0.15
2023-06-21,3732.224,3716.984,-0.41
2023-06-20,3712.331,3732.111,0.53
2023-06-19,3734.112,3712.579,-0.58
2023-06-16,3697.846,3734.066,0.97
2023-06-15,3668.700,3698.286,0.8
2023-06-14,3696.683,3668.8,-0.76
2023-06-13,3707.798,3697.076,-0.29
2023-06-12,3734.603,3707.906,-0.72
2023-06-09,3771.907,3734.931,-0.99
2023-06-08,3760.335,3772.407,0.32
2023-06-06,3765.207,3760.319,-0.13
2023-06-05,3763.198,3765.081,0.05
2023-06-02,3747.128,3763.31,0.43
2023-06-01,3745.213,3747.087,0.05
2023-05-31,3716.062,3745.275,0.78
2023-05-30,3694.256,3716.181,0.59
2023-05-29,3660.895,3694.515,0.91
2023-05-26,3663.499,3661.302,-0.06
2023-05-25,3639.234,3663.413,0.66
2023-05-24,3641.975,3639.427,-0.07
2023-05-23,3651.064,3641.959,-0.25
2023-05-22,3672.531,3650.99,-0.59
2023-05-19,3668.248,3672.655,0.12
2023-05-18,3677.713,3668.176,-0.26
2023-05-17,3655.203,3677.637,0.61
2023-05-16,3684.970,3655.362,-0.81
2023-05-15,3685.350,3685.35,0
2023-05-12,3674.628,3685.315,0.29
2023-05-11,3664.917,3674.839,0.27
2023-05-10,3669.804,3665.039,-0.13
2023-05-09,3682.871,3669.66,-0.36
2023-05-08,3710.226,3682.972,-0.74
2023-05-05,3672.134,3710.351,1.03
2023-05-04,3650.427,3672.462,0.6
2023-05-03,3638.472,3650.519,0.33
2023-05-02,3621.388,3638.489,0.47
2023-04-28,3621.091,3621.453,0.01
2023-04-27,3622.668,3621.22,-0.04
2023-04-26,3604.288,3622.764,0.51
2023-04-25,3601.118,3604.362,0.09
2023-04-24,3581.367,3601.173,0.55
2023-04-21,3587.900,3581.453,-0.18
2023-04-20,3546.364,3587.985,1.16
2023-04-19,3555.786,3546.919,-0.25
2023-04-18,3548.639,3555.751,0.2
2023-04-17,3547.954,3548.664,0.02
2023-04-14,3536.027,3548.091,0.34
2023-04-13,3529.395,3536.114,0.19
2023-04-12,3531.714,3529.244,-0.07
2023-04-11,3523.738,3531.861,0.23
2023-04-06,3530.697,3523.65,-0.2
2023-04-05,3532.091,3530.679,-0.04
2023-04-04,3532.280,3531.927,-0.01
2023-04-03,3539.544,3532.127,-0.21
2023-03-30,3554.219,3539.706,-0.41
2023-03-29,3531.927,3554.319,0.63
2023-03-28,3531.531,3532.237,0.02
2023-03-27,3573.811,3531.434,-1.2
2023-03-24,3586.670,3574.16,-0.35
2023-03-23,3526.051,3586.666,1.69
2023-03-22,3577.796,3527.007,-1.44
2023-03-21,3628.579,3578.48,-1.4
2023-03-20,3623.996,3629.44,0.15
2023-03-17,3628.907,3623.834,-0.14
2023-03-16,3634.986,3628.817,-0.17
2023-03-15,3638.928,3634.93,-0.11
2023-03-14,3649.579,3639.026,-0.29
2023-03-13,3647.229,3649.784,0.07
2023-03-10,3627.572,3647.267,0.54
2023-03-09,3633.390,3627.586,-0.16
2023-03-08,3627.526,3633.339,0.16
2023-03-07,3629.161,3627.71,-0.04
2023-03-06,3605.263,3629.216,0.66
2023-03-03,3589.700,3605.564,0.44
2023-03-02,3638.223,3589.761,-1.35
2023-03-01,3639.025,3639.025,0
2023-02-28,3646.686,3639.044,-0.21
2023-02-27,3649.287,3646.734,-0.07
2023-02-24,3591.903,3649.195,1.57
2023-02-23,3582.992,3592.692,0.27
2023-02-22,3595.604,3583.063,-0.35
2023-02-21,3572.956,3595.608,0.63
2023-02-20,3599.573,3573.132,-0.74
2023-02-17,3618.280,3599.92,-0.51
2023-02-16,3623.011,3618.307,-0.13
2023-02-15,3624.436,3622.987,-0.04
2023-02-14,3600.639,3624.561,0.66
2023-02-13,3595.663,3600.704,0.14
2023-02-09,3582.365,3595.669,0.37
2023-02-08,3582.598,3582.24,-0.01
2023-02-07,3566.445,3582.567,0.45
2023-02-06,3565.271,3566.341,0.03
2023-02-03,3550.934,3565.195,0.4
2023-02-02,3550.714,3551.069,0.01
2023-02-01,3549.710,3550.775,0.03
2023-01-31,3571.117,3549.818,-0.6
2023-01-30,3563.692,3571.192,0.21
2023-01-27,3548.005,3563.685,0.44
2023-01-26,3552.534,3547.922,-0.13
2023-01-25,3556.038,3552.486,-0.1
2023-01-24,3556.763,3556.052,-0.02
2023-01-23,3523.880,3556.601,0.92
2023-01-20,3556.221,3524.151,-0.91
2023-01-19,3554.261,3556.395,0.06
2023-01-18,3559.371,3554.395,-0.14
2023-01-17,3580.186,3559.541,-0.58
2023-01-16,3582.609,3580.461,-0.06
2023-01-13,3581.432,3582.507,0.03
2023-01-12,3602.721,3581.59,-0.59
2023-01-11,3607.142,3602.819,-0.12
2023-01-10,3580.496,3607.189,0.74
2023-01-09,3577.693,3580.557,0.08
2023-01-06,3600.543,3577.646,-0.64
2023-01-05,3628.815,3600.729,-0.78
2023-01-04,3498.063,3629.072,3.61
2023-01-03,3553.420,3502.632,-1.45
2022-12-30,3518.280,3554.177,1.01
2022-12-29,3524.558,3518.576,-0.17
2022-12-28,3500.460,3524.426,0.68
2022-12-27,3545.181,3500.722,-1.27
2022-12-23,3523.992,3545.62,0.61
2022-12-22,3538.563,3524.114,-0.41
2022-12-21,3539.573,3538.511,-0.03
2022-12-20,3457.807,3539.571,2.31
2022-12-19,3525.330,3459.598,-1.9
2022-12-16,3522.917,3526.443,0.1
2022-12-15,3507.812,3522.961,0.43
2022-12-14,3528.983,3507.935,-0.6
2022-12-12,3530.927,3529.162,-0.05
2022-12-09,3580.477,3531.042,-1.4
2022-12-07,3547.642,3581.306,0.94
2022-12-06,3562.045,3547.854,-0.4
2022-12-05,3568.108,3562.053,-0.17
2022-12-02,3559.507,3568.07,0.24
2022-12-01,3553.139,3559.546,0.18
2022-11-30,3558.898,3553.213,-0.16
2022-11-29,3554.331,3558.958,0.13
2022-11-28,3557.481,3554.282,-0.09
2022-11-25,3562.820,3557.484,-0.15
2022-11-24,3565.706,3562.856,-0.08
2022-11-23,3555.544,3565.885,0.29
2022-11-22,3572.323,3555.612,-0.47
2022-11-21,3576.519,3572.232,-0.12
2022-11-18,3602.448,3576.696,-0.72
2022-11-17,3631.557,3602.735,-0.8
2022-11-16,3560.216,3631.762,1.97
2022-11-15,3573.061,3561.664,-0.32
2022-11-14,3579.261,3573.187,-0.17
2022-11-11,3581.190,3579.4,-0.05
2022-11-10,3594.048,3581.156,-0.36
2022-11-09,3621.735,3594.061,-0.77
2022-11-08,3611.466,3621.97,0.29
2022-11-07,3613.528,3611.361,-0.06
2022-11-04,3614.636,3613.552,-0.03
2022-11-03,3604.698,3614.457,0.27
2022-11-02,3643.212,3604.642,-1.07
2022-11-01,3666.122,3643.532,-0.62
2022-10-31,3657.116,3666.282,0.25
2022-10-28,3623.437,3657.082,0.92
2022-10-27,3637.053,3623.646,-0.37
2022-10-26,3608.666,3637.035,0.78
2022-10-25,3610.959,3608.794,-0.06
2022-10-24,3601.421,3610.809,0.26
2022-10-21,3602.828,3601.387,-0.04
2022-10-20,3598.576,3602.899,0.12
2022-10-19,3594.850,3598.448,0.1
2022-10-18,3589.532,3594.924,0.15
2022-10-17,3605.813,3589.66,-0.45
2022-10-14,3626.712,3605.798,-0.58
2022-10-13,3625.050,3626.863,0.05
2022-10-12,3623.696,3625.146,0.04
2022-10-11,3624.476,3623.751,-0.02
2022-10-10,3632.087,3624.476,-0.21
2022-10-07,3653.810,3632.018,-0.6
2022-10-06,3656.427,3653.869,-0.07
2022-10-05,3648.595,3656.273,0.21
2022-10-04,3646.732,3648.556,0.05
2022-10-03,3632.667,3646.89,0.39
2022-09-30,3630.880,3632.696,0.05
2022-09-29,3660.162,3630.753,-0.81
2022-09-28,3679.011,3660.343,-0.51
2022-09-27,3667.367,3679.14,0.32
2022-09-26,3661.148,3667.383,0.17
2022-09-23,3634.443,3661.17,0.73
2022-09-22,3632.201,3634.745,0.07
2022-09-20,3615.520,3632.228,0.46
2022-09-19,3607.128,3615.444,0.23
2022-09-16,3616.457,3607.079,-0.26
2022-09-15,3666.604,3616.337,-1.39
2022-09-14,3645.292,3667.296,0.6
2022-09-13,3644.383,3645.477,0.03
2022-09-12,3642.695,3644.517,0.05
2022-09-09,3647.933,3642.833,-0.14
2022-09-07,3621.012,3648.007,0.74
2022-09-06,3625.004,3621.383,-0.1
2022-09-05,3592.250,3624.874,0.9
2022-09-02,3607.064,3592.693,-0.4
2022-09-01,3614.930,3606.995,-0.22
2022-08-31,3568.618,3614.889,1.28
2022-08-30,3593.335,3569.065,-0.68
2022-08-29,3609.478,3593.666,-0.44
2022-08-26,3629.797,3609.583,-0.56
2022-08-25,3639.661,3629.86,-0.27
2022-08-24,3659.951,3639.569,-0.56
2022-08-23,3657.229,3660.157,0.08
2022-08-22,3653.553,3657.21,0.1
2022-08-19,3660.631,3653.689,-0.19
2022-08-18,3655.565,3660.69,0.14
2022-08-17,3657.182,3655.72,-0.04
2022-08-16,3676.658,3657.274,-0.53
2022-08-12,3657.486,3676.604,0.52
2022-08-11,3673.225,3657.498,-0.43
2022-08-10,3671.554,3673.391,0.05
2022-08-09,3648.404,3671.535,0.63
2022-08-08,3663.909,3648.585,-0.42
2022-08-05,3697.211,3663.87,-0.91
2022-08-04,3676.456,3697.532,0.57
2022-08-03,3674.580,3676.418,0.05
2022-08-02,3671.171,3674.478,0.09
2022-08-01,3673.070,3671.234,-0.05
2022-07-29,3671.885,3672.987,0.03
2022-07-28,3678.250,3672.008,-0.17
2022-07-27,3667.995,3678.294,0.28
2022-07-26,3682.740,3668.068,-0.4
2022-07-25,3688.904,3682.644,-0.17
2022-07-22,3678.739,3689.068,0.28
2022-07-21,3679.537,3678.801,-0.02
2022-07-20,3686.071,3679.448,-0.18
2022-07-19,3711.763,3685.961,-0.7
2022-07-18,3720.073,3711.907,-0.22
2022-07-15,3732.212,3719.936,-0.33
2022-07-14,3725.731,3732.076,0.17
2022-07-13,3712.978,3725.645,0.34
2022-07-12,3725.930,3712.935,-0.35
2022-07-11,3726.891,3726.146,-0.02
2022-07-08,3728.507,3727.016,-0.04
2022-07-07,3690.739,3728.396,1.01
2022-07-06,3672.322,3691.147,0.51
2022-07-05,3690.243,3672.249,-0.49
2022-07-04,3704.936,3690.175,-0.4
2022-07-01,3659.602,3705.176,1.23
2022-06-30,3642.567,3660.136,0.48
2022-06-28,3623.268,3642.574,0.53
2022-06-27,3654.324,3623.524,-0.85
2022-06-24,3663.202,3654.431,-0.24
2022-06-23,3671.605,3663.18,-0.23
2022-06-22,3686.465,3671.778,-0.4
2022-06-21,3766.036,3686.41,-2.16
2022-06-20,3716.189,3767.808,1.37
2022-06-17,3705.355,3716.877,0.31
2022-06-16,3684.075,3705.567,0.58
2022-06-15,3655.877,3684.246,0.77
2022-06-14,3674.745,3656.099,-0.51
2022-06-13,3737.073,3674.966,-1.69
2022-06-10,3745.738,3738.261,-0.2
2022-06-09,3691.514,3745.829,1.45
2022-06-08,3718.382,3692.168,-0.71
2022-06-06,3780.418,3718.688,-1.66
2022-06-03,3717.707,3781.616,1.69
2022-06-02,3725.422,3764.193,1.03
2022-06-01,3699.399,3725.853,0.71
2022-05-31,3704.849,3699.669,-0.14
2022-05-30,3706.258,3704.776,-0.04
2022-05-27,3705.233,3706.345,0.03
2022-05-26,3705.374,3705.374,0
2022-05-25,3669.632,3705.202,0.96
2022-05-24,3707.656,3669.856,-1.03
2022-05-23,3712.338,3707.889,-0.12
2022-05-20,3735.492,3712.475,-0.62
2022-05-19,3749.618,3735.796,-0.37
2022-05-18,3735.599,3749.848,0.38
2022-05-17,3736.344,3735.597,-0.02
2022-05-16,3711.147,3736.179,0.67
2022-05-13,3709.723,3711.207,0.04
2022-05-12,3722.394,3709.781,-0.34
2022-05-11,3714.936,3722.381,0.2
2022-05-10,3709.462,3715.035,0.15
2022-05-09,3786.051,3709.633,-2.06
2022-05-06,3795.199,3787.624,-0.2
2022-05-05,3807.613,3795.089,-0.33
2022-05-04,3700.498,3807.488,2.81
2022-05-03,3694.502,3703.39,0.24
2022-05-02,3712.023,3694.658,-0.47
2022-04-29,3599.949,3712.053,3.02
2022-04-28,3610.705,3603.138,-0.21
2022-04-27,3601.347,3610.735,0.26
2022-04-26,3590.526,3601.33,0.3
2022-04-25,3590.004,3590.722,0.02
2022-04-22,3560.239,3590.036,0.83
2022-04-21,3553.087,3560.564,0.21
2022-04-20,3589.519,3553.276,-1.02
2022-04-19,3650.727,3590.055,-1.69
2022-04-14,3640.719,3651.674,0.3
2022-04-13,3638.201,3640.75,0.07
2022-04-12,3604.046,3638.246,0.94
2022-04-11,3622.535,3604.512,-0.5
2022-04-08,3633.776,3622.546,-0.31
2022-04-07,3610.121,3633.74,0.65
2022-04-06,3607.906,3610.433,0.07
2022-04-05,3605.515,3608.041,0.07
2022-04-04,3634.147,3605.662,-0.79
2022-04-01,3620.753,3634.2,0.37
2022-03-30,3643.829,3620.657,-0.64
2022-03-29,3657.777,3643.93,-0.38
2022-03-28,3645.685,3657.756,0.33
2022-03-25,3634.977,3645.549,0.29
2022-03-24,3641.423,3634.88,-0.18
2022-03-23,3639.583,3641.404,0.05
2022-03-22,3650.373,3639.455,-0.3
2022-03-21,3673.510,3650.512,-0.63
2022-03-18,3667.635,3673.513,0.16
2022-03-17,3660.647,3667.615,0.19
2022-03-16,3670.633,3660.749,-0.27
2022-03-15,3662.859,3670.567,0.21
2022-03-14,3686.801,3662.992,-0.65
2022-03-11,3723.336,3686.836,-0.99
2022-03-10,3741.513,3723.64,-0.48
2022-03-09,3721.075,3741.654,0.55
2022-03-08,3726.571,3721.361,-0.14
2022-03-07,3735.852,3726.536,-0.25
2022-03-04,3743.574,3735.729,-0.21
2022-03-03,3660.661,3743.773,2.22
2022-03-02,3660.281,3662.478,0.06
2022-03-01,3674.812,3660.171,-0.4
2022-02-28,3760.412,3674.789,-2.33
2022-02-25,3758.643,3762.405,0.1
2022-02-24,3763.169,3758.659,-0.12
2022-02-23,3775.710,3763.291,-0.33
2022-02-22,3779.696,3775.92,-0.1
2022-02-21,3753.950,3779.652,0.68
2022-02-18,3784.155,3754.122,-0.8
2022-02-17,3731.493,3784.476,1.4
2022-02-16,3685.916,3732.195,1.24
2022-02-15,3692.712,3686.445,-0.17
2022-02-14,3686.198,3692.845,0.18
2022-02-11,3690.767,3686.343,-0.12
2022-02-09,3715.210,3690.85,-0.66
2022-02-08,3736.910,3715.361,-0.58
2022-02-07,3765.014,3736.987,-0.75
2022-02-04,3729.674,3765.066,0.94
2022-02-03,3763.289,3730.091,-0.89
2022-02-02,3771.105,3763.578,-0.2
2022-02-01,3755.418,3771.257,0.42
2022-01-31,3781.405,3755.492,-0.69
2022-01-28,3791.090,3781.636,-0.25
2022-01-27,3772.812,3791.009,0.48
2022-01-26,3763.158,3772.968,0.26
2022-01-25,3751.750,3763.039,0.3
2022-01-24,3774.576,3751.691,-0.61
2022-01-21,3762.812,3774.892,0.32
2022-01-20,3793.413,3762.933,-0.81
2022-01-19,3823.227,3793.637,-0.78
2022-01-18,3817.761,3823.496,0.15
2022-01-17,3805.558,3817.775,0.32
2022-01-14,3781.631,3805.606,0.63
2022-01-13,3786.082,3781.922,-0.11
2022-01-12,3792.339,3785.903,-0.17
2022-01-11,3817.947,3792.537,-0.67
2022-01-10,3858.376,3818.284,-1.05
2022-01-07,3899.305,3858.788,-1.05
2022-01-06,3839.270,3899.716,1.55
2022-01-05,3872.200,3840.325,-0.83
2022-01-04,3888.155,3872.279,-0.41
2022-01-03,3943.808,3888.207,-1.43
2021-12-30,3881.120,3944.629,1.61
2021-12-29,3874.237,3882.001,0.2
2021-12-28,3834.922,3874.441,1.02
2021-12-27,3800.794,3835.312,0.9
2021-12-23,3795.683,3801.004,0.14
2021-12-22,3819.588,3795.675,-0.63
2021-12-21,3805.921,3819.672,0.36
2021-12-20,3797.305,3806.059,0.23
2021-12-17,3788.395,3797.509,0.24
2021-12-16,3758.364,3788.292,0.79
2021-12-15,3772.932,3758.649,-0.38
2021-12-14,3749.638,3773.031,0.62
2021-12-10,3736.247,3749.746,0.36
2021-12-09,3760.249,3736.336,-0.64
2021-12-07,3749.452,3760.357,0.29
2021-12-06,3774.024,3749.651,-0.65
2021-12-03,3754.959,3774.207,0.51
2021-12-02,3762.162,3755.027,-0.19
2021-12-01,3756.683,3762.326,0.15
2021-11-30,3758.709,3756.831,-0.05
2021-11-29,3812.237,3758.861,-1.42
2021-11-26,3812.656,3813.037,0.01
2021-11-25,3827.984,3812.733,-0.4
2021-11-24,3827.969,3827.969,0
2021-11-23,3825.729,3828.026,0.06
2021-11-22,3829.184,3825.741,-0.09
2021-11-19,3823.223,3829.35,0.16
2021-11-18,3878.022,3823.348,-1.43
2021-11-17,3925.585,3878.653,-1.21
2021-11-16,3861.877,3926.268,1.64
2021-11-15,3860.855,3862.786,0.05
2021-11-12,3884.170,3861.004,-0.6
2021-11-11,3872.727,3884.38,0.3
2021-11-10,3833.487,3872.6,1.01
2021-11-09,3789.364,3833.837,1.16
2021-11-08,3813.257,3789.76,-0.62
2021-11-05,3819.733,3813.25,-0.17
2021-11-04,3827.666,3819.645,-0.21
2021-11-03,3812.022,3827.716,0.41
2021-11-02,3823.009,3811.954,-0.29
2021-11-01,3844.645,3822.855,-0.57
2021-10-29,3862.483,3844.797,-0.46
2021-10-28,3878.661,3862.439,-0.42
2021-10-27,3891.473,3878.673,-0.33
2021-10-26,3855.514,3891.707,0.93
2021-10-25,3861.249,3855.851,-0.14
2021-10-22,3859.567,3861.111,0.04
2021-10-21,3882.596,3859.439,-0.6
2021-10-20,3893.842,3882.583,-0.29
2021-10-19,3903.099,3893.754,-0.24
2021-10-18,3903.327,3902.937,-0.01
2021-10-15,3942.944,3903.518,-1.01
2021-10-14,3953.161,3943.303,-0.25
2021-10-13,3953.326,3953.326,0
2021-10-12,3958.288,3953.149,-0.13
2021-10-11,3960.642,3958.267,-0.06
2021-10-08,3894.333,3960.473,1.67
2021-10-07,3904.512,3895.552,-0.23
2021-10-06,3892.268,3904.372,0.31
2021-10-05,3889.042,3892.156,0.08
2021-10-04,3867.211,3888.989,0.56
2021-10-01,3875.731,3867.223,-0.22
2021-09-30,3884.570,3875.656,-0.23
2021-09-29,3880.788,3884.673,0.1
2021-09-28,3891.430,3880.951,-0.27
2021-09-27,3889.258,3891.593,0.06
2021-09-24,3881.055,3889.222,0.21
2021-09-23,3874.894,3881.104,0.16
